revid,parentid,user,timestamp,comment,label,description,alias,action,language
69573941,0,Yair rand,2013-09-10T22:43:54Z,/* wbeditentity-create:1|en */official website,en,,,add,en
69576084,69573941,*Youngjin,2013-09-10T22:59:51Z,/* wbsetlabel-add:1|ko */공식 홈페이지,ko,,,add,ko
69580593,69576084,Laddo,2013-09-10T23:37:22Z,/* wbsetlabel-add:1|fr */site internet officiel,fr,,,add,fr
69590945,69580692,Ricordisamoa,2013-09-11T01:09:22Z,/* wbsetlabel-add:1|it */sito ufficiale,it,,,add,it
69592864,69590945,SPQRobin,2013-09-11T01:28:08Z,/* wbsetdescription-add:1|en */URL to the website of this item,,en,,add,en
69592878,69592864,SPQRobin,2013-09-11T01:28:13Z,/* wbsetlabel-add:1|nl */officiële website,nl,,,add,nl
69593469,69592878,SPQRobin,2013-09-11T01:33:05Z,/* wbsetaliases-add:1|en */website,,,en,add,en
69600349,69593469,NMaia,2013-09-11T02:30:53Z,/* wbsetlabel-add:1|pt */sítio oficial,pt,,,add,pt
69600369,69600349,NMaia,2013-09-11T02:31:03Z,/* wbsetdescription-add:1|pt */URL do sítio oficial,,pt,,add,pt
69618856,69600369,The Anonymouse,2013-09-11T05:07:25Z,/* wbsetlabel-add:1|es */sitio web oficial,es,,,add,es
69619131,69618856,The Anonymouse,2013-09-11T05:09:04Z,/* wbsetdescription-add:1|es */URL al sitio web de este elemento,,es,,add,es
69622722,69619131,Stryn,2013-09-11T05:39:35Z,/* wbsetlabel-add:1|fi */viralliset kotisivut,fi,,,add,fi
69622777,69622722,Stryn,2013-09-11T05:39:56Z,/* wbsetdescription-add:1|fi */tämän kohteen viralliset kotisivut,,fi,,add,fi
69628243,69622777,Doostdar,2013-09-11T06:27:06Z,/* wbsetlabel-add:1|fa */وبگاه رسمی,fa,,,add,fa
69628291,69628243,Doostdar,2013-09-11T06:27:32Z,/* wbsetdescription-add:1|fa */یوآرال وبگاه آیتم مورد نظر,,fa,,add,fa
69628525,69628291,Doostdar,2013-09-11T06:29:26Z,/* wbsetdescription-set:1|fa */نشانی یوآرال وبگاه آیتم مورد نظر,,fa,,update,fa
69629985,69628525,Lavallen,2013-09-11T06:40:23Z,/* wbsetlabel-add:1|sv */officiell hemsida,sv,,,add,sv
69630599,69629985,Hede2000,2013-09-11T06:45:43Z,/* wbsetlabel-add:1|da */Officielt netsted,da,,,add,da
69630623,69630599,Hede2000,2013-09-11T06:45:59Z,/* wbsetdescription-add:1|da */URL'en til emnets netsted,,da,,add,da
69630663,69630623,Hede2000,2013-09-11T06:46:24Z,/* wbsetlabel-set:1|da */officielt netsted,da,,,update,da
69632169,69630663,Raymond,2013-09-11T06:58:39Z,/* wbsetlabel-add:1|de */Offizielle Webseite,de,,,add,de
69632224,69632169,Raymond,2013-09-11T06:59:02Z,/* wbsetdescription-add:1|de */URL für die Webseite des Objektes,,de,,add,de
69633136,69632224,Tpt,2013-09-11T07:05:09Z,/* wbsetaliases-add:1|fr */site officiel,,,fr,add,fr
69636609,69633136,Slomox,2013-09-11T07:38:51Z,/* wbsetlabel-add:1|nds */offizielle Websteed,nds,,,add,nds
69638750,69636609,Lockal,2013-09-11T08:01:16Z,/* wbsetlabel-add:1|ru */официальный сайт,ru,,,add,ru
69638823,69638750,Lockal,2013-09-11T08:02:07Z,/* wbsetdescription-add:1|ru */URL веб-сайта этого элемента,,ru,,add,ru
69640321,69638823,Zolo,2013-09-11T08:16:10Z,"/* wbsetaliases-set:3|fr */site officiel, URL officielle, site web",,,fr,update,fr
69643586,69640321,Papuass,2013-09-11T08:46:07Z,/* wbsetlabel-add:1|lv */oficiālā vietne,lv,,,add,lv
69648295,69643586,Милан Јелисавчић,2013-09-11T09:24:03Z,/* wbsetlabel-add:1|sr */званични сајт,sr,,,add,sr
69648302,69648295,Милан Јелисавчић,2013-09-11T09:24:05Z,/* wbsetlabel-add:1|sr-ec */званични сајт,sr-ec,,,add,sr-ec
69648313,69648302,Милан Јелисавчић,2013-09-11T09:24:10Z,/* wbsetlabel-add:1|sr-el */zvanični sajt,sr-el,,,add,sr-el
69653377,69648313,Fomafix,2013-09-11T10:14:34Z,/* wbsetlabel-set:1|de */offizielle Webseite,de,,,update,de
69655748,69653377,Wostr,2013-09-11T10:45:51Z,/* wbsetlabel-add:1|pl */oficjalna strona internetowa,pl,,,add,pl
69658476,69655748,B.Zsolt,2013-09-11T11:30:55Z,/* wbsetlabel-add:1|hu */Hivatalos Weboldal,hu,,,add,hu
69660368,69658476,MichaelSchoenitzer,2013-09-11T12:01:43Z,"/* wbsetaliases-add:2|de */Webseite, Internetauftritt",,,de,add,de
69664572,69660368,Чаховіч Уладзіслаў,2013-09-11T12:53:45Z,/* wbsetlabel-add:1|be */афіцыйны сайт,be,,,add,be
69664584,69664572,Чаховіч Уладзіслаў,2013-09-11T12:53:52Z,/* wbsetdescription-add:1|be */URL вэб-сайта гэтага элемента,,be,,add,be
69664786,69664584,Danrok,2013-09-11T12:55:56Z,/* wbsetaliases-add:1|en */web site,,,en,add,en
69664803,69664786,Danrok,2013-09-11T12:56:12Z,/* wbsetlabel-add:1|en-gb */official website,en-gb,,,add,en-gb
69664809,69664803,Danrok,2013-09-11T12:56:20Z,/* wbsetdescription-add:1|en-gb */URL to the website of this item,,en-gb,,add,en-gb
69669229,69665983,Vyom25,2013-09-11T13:54:12Z,/* wbsetlabel-add:1|gu */સત્તાવાર જાળસ્થળ,gu,,,add,gu
69669253,69669229,Vyom25,2013-09-11T13:54:25Z,/* wbsetdescription-add:1|gu */આ લેખના જાળસ્થળની કડી,,gu,,add,gu
69675912,69669253,Reaper35,2013-09-11T15:22:37Z,/* wbsetlabel-set:1|de */offizielle Website,de,,,update,de
69675916,69675912,Reaper35,2013-09-11T15:22:41Z,/* wbsetdescription-set:1|de */URL für die Website des Objektes,,de,,update,de
69675930,69675916,Reaper35,2013-09-11T15:22:49Z,/* wbsetaliases-add:1|de */Website,,,de,add,de
69712373,69675930,208.101.196.215,2013-09-11T19:41:49Z,"/* wbsetaliases-remove:2|en */website, web site",,,en,remove,en
69712521,69712373,208.101.196.215,2013-09-11T19:42:23Z,/* wbsetlabel-set:1|en */official website,en,,,update,en
69749909,69712521,80.213.58.218,2013-09-11T22:44:25Z,/* wbsetlabel-add:1|nb */Hjemmeside,nb,,,add,nb
69749958,69749909,80.213.58.218,2013-09-11T22:44:39Z,/* wbsetdescription-add:1|nb */Offisiell nettside,,nb,,add,nb
69750180,69749958,80.213.58.218,2013-09-11T22:46:03Z,/* wbsetlabel-set:1|nb */hjemmeside,nb,,,update,nb
69750308,69750180,80.213.58.218,2013-09-11T22:46:55Z,/* wbsetdescription-set:1|nb */offisiell nettside,,nb,,update,nb
69750326,69750308,80.213.58.218,2013-09-11T22:47:06Z,/* wbsetaliases-add:1|nb */nettside,,,nb,add,nb
69750367,69750326,80.213.58.218,2013-09-11T22:47:25Z,/* wbsetaliases-set:1|nb */nettadresse,,,nb,update,nb
69752178,69750367,Napoleon.tan,2013-09-11T23:00:06Z,/* wbsetlabel-add:1|ja */公式サイト,ja,,,add,ja
69791700,69752178,Qiyue2001,2013-09-12T03:43:19Z,/* wbsetlabel-add:1|zh-hans */官方网站,zh-hans,,,add,zh-hans
69844924,69791700,Paperoastro,2013-09-12T09:22:30Z,/* wbsetdescription-add:1|it */URL al sito web ufficiale dell'elemento,,it,,add,it
69866019,69844924,Arpyia,2013-09-12T11:52:59Z,/* wbsetlabel-set:1|fr */site officiel,fr,,,update,fr
69866046,69866019,Arpyia,2013-09-12T11:53:10Z,/* wbsetdescription-add:1|fr */site internet,,fr,,add,fr
69902546,69866046,יונה בנדלאק,2013-09-12T16:08:48Z,/* wbsetlabel-add:1|he */אתר רישמי,he,,,add,he
69902579,69902546,יונה בנדלאק,2013-09-12T16:08:58Z,/* wbsetdescription-add:1|he */כתובת אתר אינטרנט רישמי,,he,,add,he
69910721,69902579,আফতাবুজ্জামান,2013-09-12T16:58:08Z,/* wbsetlabel-add:1|bn */প্রাতিষ্ঠানিক ওয়েবসাইট,bn,,,add,bn
69934678,69910721,49.139.28.172,2013-09-12T18:41:14Z,/* wbsetdescription-set:1|en */google.co.in,,en,,update,en
70055516,69936892,-revi,2013-09-13T03:33:36Z,/* wbsetdescription-add:1|ko */항목의 공식 홈페이지로 연결하는 URL,,ko,,add,ko
70129948,70055516,Qllach,2013-09-13T08:22:16Z,/* wbsetlabel-add:1|ca */lloc web oficial,ca,,,add,ca
70297960,70129948,Event,2013-09-13T22:27:30Z,/* wbsetdescription-set:1|nb */offisiell startnettside,,nb,,update,nb
70406452,70297960,LiMr,2013-09-14T13:11:37Z,/* wbsetlabel-add:1|cs */Oficiální web,cs,,,add,cs
70407852,70406452,LiMr,2013-09-14T13:25:14Z,/* wbsetlabel-set:1|cs */oficiální web,cs,,,update,cs
70418965,70407852,Danmichaelo,2013-09-14T15:03:22Z,/* wbsetlabel-set:1|nb */offisielt nettsted,nb,,,update,nb
70418995,70418965,Danmichaelo,2013-09-14T15:03:36Z,/* wbsetdescription-set:1|nb */URL for nettstedet til dette elementet,,nb,,update,nb
70446056,70418995,Syp,2013-09-14T18:38:36Z,/* wbsetlabel-set:1|hu */hivatalos weboldal,hu,,,update,hu
70517600,70446056,Bjankuloski06,2013-09-15T01:54:29Z,/* wbsetlabel-add:1|mk */официјален портла,mk,,,add,mk
70517810,70517600,Bjankuloski06,2013-09-15T01:55:53Z,/* wbsetlabel-set:1|mk */официјален портал,mk,,,update,mk
70517855,70517810,Bjankuloski06,2013-09-15T01:56:15Z,/* wbsetdescription-add:1|mk */URL на мрежното место на овој предмет,,mk,,add,mk
70544097,70517855,109.227.120.164,2013-09-15T05:02:05Z,/* wbsetaliases-add:1|ru */Adam_madan 8,,,ru,add,ru
70903895,70566173,TianyinLee,2013-09-17T02:44:49Z,/* wbsetlabel-add:1|zh */官方网站,zh,,,add,zh
70903914,70903895,TianyinLee,2013-09-17T02:45:05Z,/* wbsetdescription-add:1|zh */此项的网站,,zh,,add,zh
71017671,70903914,Wizardist,2013-09-17T21:47:03Z,/* wbsetlabel-add:1|be-tarask */афіцыйны вэб-сайт,be-tarask,,,add,be-tarask
71017678,71017671,Wizardist,2013-09-17T21:47:07Z,/* wbsetaliases-add:1|be-tarask */афіцыйны сайт,,,be-tarask,add,be-tarask
71017692,71017678,Wizardist,2013-09-17T21:47:17Z,/* wbsetdescription-add:1|be-tarask */URL вэб-сайта гэтага аб’екта,,be-tarask,,add,be-tarask
71357986,71017692,Toliño,2013-09-19T14:22:47Z,/* wbsetlabel-add:1|gl */páxina web oficial,gl,,,add,gl
71399545,71357986,MisterSanderson,2013-09-19T17:34:24Z,/* wbsetlabel-add:1|pt-br */site oficial,pt-br,,,add,pt-br
71448013,71399545,Albertvillanovadelmoral,2013-09-19T21:01:21Z,/* wbsetdescription-add:1|ca */adreça web del lloc web d'aques element,,ca,,add,ca
71448037,71448013,Albertvillanovadelmoral,2013-09-19T21:01:30Z,/* wbsetdescription-set:1|ca */adreça web del lloc web d'aquest element,,ca,,update,ca
72032971,71448037,NMaia,2013-09-22T05:42:12Z,/* wbsetaliases-add:1|pt */site oficial,,,pt,add,pt
72171000,72032971,Slunkamadon,2013-09-22T20:23:35Z,/* wbsetlabel-add:1|la */Situs officialis,la,,,add,la
72171029,72171000,Slunkamadon,2013-09-22T20:23:50Z,/* wbsetlabel-set:1|la */situs officialis,la,,,update,la
74289163,74240707,2600:1010:B10D:F9CB:8457:29ED:FEE:CADB,2013-10-03T17:24:53Z,/* wbsetlabel-set:1|en */Delete,en,,,update,en
74734707,74289177,Putnik,2013-10-06T00:29:32Z,/* wbsetaliases-add:1|ru */сайт,,,ru,add,ru
74735908,74734707,Putnik,2013-10-06T00:32:48Z,"/* wbsetaliases-add:2|ru */веб-сайт, официальный веб-сайт",,,ru,add,ru
75212161,74735908,Nikosguard,2013-10-07T08:03:29Z,/* wbsetlabel-add:1|el */επίσημη ιστοσελίδα,el,,,add,el
75212306,75212161,Nikosguard,2013-10-07T08:03:58Z,/* wbsetdescription-add:1|el */επίσημη ιστοσελίδα του αντικειμένου,,el,,add,el
75960783,75212306,Yair rand,2013-10-09T12:17:11Z,/* wbsetlabel-add:1|eo */oficiala retejo,eo,,,add,eo
77380049,76853878,AS,2013-10-13T13:25:47Z,/* wbsetlabel-add:1|uk */офіційний сайт,uk,,,add,uk
81154433,77380049,182.237.11.124,2013-10-24T10:31:12Z,/* wbsetlabel-set:1|en */Tucson Realty and Trust Company,en,,,update,en
81154469,81154433,182.237.11.124,2013-10-24T10:31:27Z,/* wbsetdescription-set:1|en */http://www.tucsonrealty.com,,en,,update,en
81154555,81154469,182.237.11.124,2013-10-24T10:32:03Z,"/* wbsetaliases-add:3|en */Tucsonrealty, Commercial real Estate Tucson, Property Management Tucson",,,en,add,en
81662188,81162389,Shanmugamp7,2013-10-26T16:33:24Z,/* wbsetlabel-add:1|ta */அதிகாரப்பூர்வ இணையத்தளம்,ta,,,add,ta
81662853,81662188,Shanmugamp7,2013-10-26T16:36:47Z,/* wbsetdescription-add:1|ta */இந்த உருப்படியின் வலைத்தள முகவரி,,ta,,add,ta
81762351,81662853,5.178.172.124,2013-10-27T00:21:31Z,/* wbsetaliases-add:1|en */gruni.edu.ge,,,en,add,en
81762378,81762351,5.178.172.124,2013-10-27T00:21:38Z,"/* wbsetaliases-remove:2|en */website, web site",,,en,remove,en
82648648,81762524,Dɐ,2013-10-30T02:44:00Z,/* wbsetdescription-add:1|ja */主題のウェブサイトのURL,,ja,,add,ja
82742759,82648648,WikedKentaur,2013-10-30T14:10:01Z,/* wbsetlabel-add:1|et */ametlik veebileht,et,,,add,et
83239442,82909732,Vennor,2013-11-02T11:22:15Z,/* wbsetaliases-add:1|it */sito web ufficiale,,,it,add,it
83385555,83239442,TianyinLee,2013-11-03T04:53:18Z,/* wbsetdescription-set:1|zh */一个项的官方网站,,zh,,update,zh
83780222,83385555,C3r4,2013-11-04T18:48:07Z,/* wbsetlabel-add:1|bs */Zvanična web stranica,bs,,,add,bs
84326185,83780222,Pigsonthewing,2013-11-07T13:23:46Z,/* wbsetaliases-add:1|en */url,,,en,add,en
85225183,84326185,Thuvack,2013-11-10T10:55:42Z,/* wbsetlabel-add:1|ts */Tluka ra inthaneti ra ximfumo,ts,,,add,ts
85522294,85225183,Palosirkka,2013-11-11T06:25:20Z,"/* wbsetaliases-set:2|en */official web site, official url",,,en,update,en
85825811,85522294,Abhijitsathe,2013-11-12T10:59:51Z,/* wbsetlabel-add:1|mr */अधिकृत संकेतस्थळ,mr,,,add,mr
85825862,85825811,Abhijitsathe,2013-11-12T11:00:13Z,/* wbsetdescription-add:1|mr */संकेतस्थळ दुवा,,mr,,add,mr
86109067,85825862,105.236.184.150,2013-11-13T18:57:46Z,/* wbsetaliases-add:1|en */website,,,en,add,en
86608279,86568056,Jetam2,2013-11-15T20:24:45Z,/* wbsetlabel-add:1|sk */oficiálny web,sk,,,add,sk
87069456,86608279,Daud I.F. Argana,2013-11-17T01:17:17Z,/* wbsetlabel-add:1|id */Situs web resmi,id,,,add,id
87568375,87069456,Holder,2013-11-18T14:59:54Z,/* wbsetlabel-add:1|gsw */offizielli Website,gsw,,,add,gsw
88553360,87568375,Mxn,2013-11-22T11:33:06Z,/* wbsetlabel-add:1|vi */trang chủ chính thức,vi,,,add,vi
90502904,88553360,Koavf,2013-11-29T17:45:11Z,/* wbsetaliases-add:1|en */official site,,,en,add,en
90502923,90502904,Koavf,2013-11-29T17:45:15Z,/* wbsetaliases-add:1|en */homepage,,,en,add,en
91039170,90502923,Littledogboy,2013-12-01T13:37:16Z,"/* wbsetaliases-add:4|cs */www stránka, webová stránka, webové stránky, www stránky",,,cs,add,cs
91039211,91039170,Littledogboy,2013-12-01T13:37:32Z,/* wbsetaliases-add:1|cs */URL,,,cs,add,cs
91168687,91039211,Segaldesigns,2013-12-02T05:29:04Z,"/* wbsetaliases-set:4|en */official web site, official url, official site, http://www.centredentairegrenet.com",,,en,update,en
91168711,91168687,Segaldesigns,2013-12-02T05:29:24Z,/* wbsetdescription-set:1|en */http://www.centredentairegrenet.com/,,en,,update,en
91168757,91168711,Segaldesigns,2013-12-02T05:30:02Z,"/* wbsetaliases-set:4|en */official web site, official url, official site, http://www.centredentairegrenet.com/invisalign-orthodontics.html",,,en,update,en
91199167,91168931,לערי ריינהארט,2013-12-02T11:41:45Z,"/* wbsetaliases-set:4|en */official web site, official url, official site, http://www.centredentairegrenet.com/",,,en,update,en
91359163,91201755,לערי ריינהארט,2013-12-03T18:29:08Z,/* wbsetaliases-add:1|en */official homepage,,,en,add,en
91413650,91359163,Jfblanc,2013-12-04T07:05:57Z,/* wbsetlabel-add:1|oc */Site oficial,oc,,,add,oc
91489020,91413650,AmaryllisGardener,2013-12-04T21:40:18Z,/* wbsetlabel-add:1|sco */offeecial wabsteid,sco,,,add,sco
91777329,91489020,119.30.47.215,2013-12-06T14:22:34Z,/* wbsetdescription-set:1|en */www.ctec.gov.bd,,en,,update,en
91959077,91778931,أكاديمية,2013-12-07T19:39:18Z,/* wbsetaliases-add:1|de */Homepage,,,de,add,de
92190742,92095675,Renessaince,2013-12-08T21:22:46Z,/* wbsetaliases-add:1|be-tarask */афіцыйная бачына,,,be-tarask,add,be-tarask
92525915,92190742,Esquilo,2013-12-10T12:11:48Z,/* wbsetaliases-add:1|en */website,,,en,add,en
92544037,92525915,Esquilo,2013-12-10T13:01:50Z,/* wbsetlabel-set:1|sv */officiell webbsida,sv,,,update,sv
93852695,92544037,118.100.232.178,2013-12-16T11:51:11Z,/* wbsetlabel-set:1|en */Collagen Firming Essence,en,,,update,en
93852865,93852695,118.100.232.178,2013-12-16T11:52:14Z,/* wbsetdescription-set:1|en */http://www.segionskincare.com/products/collagen-firming-essence,,en,,update,en
93853567,93852865,118.100.232.178,2013-12-16T11:56:16Z,"/* wbsetaliases-set:4|en */official web site, official url, official site, collagen firming essence",,,en,update,en
95642804,93854549,Sehmusalev,2013-12-22T08:32:46Z,"/* wbsetaliases-remove:6|en */official web site, official url, official site, homepage, official homepage, website",,,en,remove,en
95696096,95642804,Wylve,2013-12-22T14:41:40Z,/* wbsetlabel-add:1|yue */官網,yue,,,add,yue
95737480,95737397,Matěj Suchánek,2013-12-22T19:34:49Z,/* wbsetdescription-add:1|cs */URL adresa,,cs,,add,cs
95838327,95737480,Wylve,2013-12-23T06:42:27Z,/* wbsetlabel-add:1|zh-hk */官方網站,zh-hk,,,add,zh-hk
95838376,95838327,Wylve,2013-12-23T06:42:47Z,/* wbsetdescription-add:1|zh-hk */項官方網站的網址,,zh-hk,,add,zh-hk
97745600,97744071,Whym,2014-01-02T06:56:39Z,/* wbsetaliases-add:1|en */website,,,en,add,en
97745629,97745600,Whym,2014-01-02T06:56:46Z,/* wbsetaliases-add:1|en */official site,,,en,add,en
98473971,97745629,CyberSkull,2014-01-05T00:44:11Z,"/* wbsetaliases-add:3|en */homepage, home page, official page",,,en,add,en
100103343,98473971,31.46.91.142,2014-01-11T11:19:40Z,/* wbsetlabel-set:1|en */Angry Birds Toons,en,,,update,en
100103955,100103343,31.46.91.142,2014-01-11T11:21:09Z,/* wbsetdescription-set:1|en */Vögel:,,en,,update,en
100107270,100103955,31.46.91.142,2014-01-11T11:33:08Z,"/* wbsetdescription-set:1|en */Vögel:Roter Vogel,Bubbles,",,en,,update,en
100107330,100107270,31.46.91.142,2014-01-11T11:33:24Z,"/* wbsetdescription-set:1|en */Vögel: Roter Vogel, Bubbles,Stella,",,en,,update,en
100148045,100117338,31.46.91.142,2014-01-11T13:06:25Z,/* wbsetlabel-set:1|en */Angry Birds Toons,en,,,update,en
100148526,100148045,31.46.91.142,2014-01-11T13:07:21Z,"/* wbsetdescription-set:1|en */Vögel,Schweinen, Folgen",,en,,update,en
101248833,100151007,Octahedron80,2014-01-13T07:36:53Z,/* wbsetlabel-add:1|th */เว็บไซต์ทางการ,th,,,add,th
101439132,101248833,96.49.188.183,2014-01-13T17:21:37Z,/* wbsetdescription-add:1|en-gb */elmo magalona,,en-gb,,add,en-gb
103056192,101439132,Wylve,2014-01-18T07:07:09Z,/* wbsetlabel-add:1|zh-cn */官方网站,zh-cn,,,add,zh-cn
103056199,103056192,Wylve,2014-01-18T07:07:12Z,/* wbsetdescription-add:1|zh-cn */一个项的官方网站,,zh-cn,,add,zh-cn
103056217,103056199,Wylve,2014-01-18T07:07:19Z,/* wbsetlabel-add:1|zh-hk */官方網站,zh-hk,,,add,zh-hk
103313409,103102931,콩가루,2014-01-19T08:25:00Z,"/* wbsetaliases-add:2|ko */홈페이지, 홈 페이지",,,ko,add,ko
105802796,103323200,Sporti,2014-01-28T07:51:48Z,/* wbsetlabel-add:1|sl */Uradna spletna stran,sl,,,add,sl
105802825,105802796,Sporti,2014-01-28T07:51:54Z,/* wbsetlabel-set:1|sl */uradna spletna stran,sl,,,update,sl
106147619,105802825,Gire 3pich2005,2014-01-29T09:47:53Z,/* wbsetlabel-set:1|fa */وب‌گاه رسمی,fa,,,update,fa
106348488,106147619,Laddo,2014-01-29T23:51:46Z,/* wbsetdescription-set:1|fr */site internet officiel de l'organisation,,fr,,update,fr
108024533,106348488,MKar,2014-02-06T13:47:54Z,/* wbsetlabel-add:1|or */ୱେବସାଇଟ,or,,,add,or
108254795,108024533,David1010,2014-02-08T08:07:18Z,/* wbsetlabel-add:1|ka */ოფიციალური საიტი,ka,,,add,ka
109039701,108254795,Peter17,2014-02-12T20:32:48Z,/* wbsetdescription-set:1|fr */site internet officiel de l'élément,,fr,,update,fr
109873244,109039701,Tacsipacsi,2014-02-16T15:39:53Z,/* wbsetdescription-add:1|hu */a tétel weboldalának URL-je,,hu,,add,hu
111057844,109873244,Wikiuser13,2014-02-21T15:36:14Z,/* wbsetlabel-add:1|hi */आधिकारिक वेबसाइट,hi,,,add,hi
111564505,111057844,TarzanASG,2014-02-23T03:37:43Z,/* wbsetaliases-add:1|ru */URL официального сайта,,,ru,add,ru
112892702,111564505,Vivaelcelta,2014-03-01T00:25:41Z,/* wbsetdescription-add:1|gl */ URL á páxina web deste elemento,,gl,,add,gl
114523099,112892702,Venca24,2014-03-07T09:27:49Z,/* wbsetlabel-add:1|io */ oficala situo,io,,,add,io
116307379,114523099,Chmarkine,2014-03-15T06:24:40Z,/* wbsetdescription-add:1|zh-hans */ 一个项的官方网站,,zh-hans,,add,zh-hans
117369107,116307379,Rezonansowy,2014-03-21T18:50:22Z,/* wbsetaliases-add:1|en */ web adress,,,en,add,en
117369148,117369107,Rezonansowy,2014-03-21T18:50:36Z,"/* wbsetaliases-set:9|en */ website, official site, homepage, home page, official page, official web site, official url, official homepage, web address",,,en,update,en
117456224,117369148,125.26.167.8,2014-03-22T07:42:41Z,/* wbsetdescription-add:1|th */ www.google.th,,th,,add,th
117581107,117462289,Rezonansowy,2014-03-22T21:50:55Z,/* wbsetdescription-add:1|pl */ adres URL strony internetowej danego obiektu,,pl,,add,pl
117660829,117581107,Sjoerddebruin,2014-03-23T11:59:35Z,/* wbsetaliases-add:1|nl */ website,,,nl,add,nl
117660843,117660829,Sjoerddebruin,2014-03-23T11:59:40Z,/* wbsetaliases-add:1|nl */ url,,,nl,add,nl
117916909,117660843,Zolo,2014-03-25T19:20:33Z,/* wbsetaliases-add:1|fr */ site internet,,,fr,add,fr
119549303,117916909,Geraki,2014-04-08T07:50:04Z,/* wbsetaliases-add:1|el */ ιστότοπος,,,el,add,el
119995932,119955079,119.30.47.193,2014-04-10T11:45:01Z,/* wbsetlabel-set:1|en */ www.bekardor.com,en,,,update,en
119996132,119995932,119.30.47.193,2014-04-10T11:46:08Z,/* wbsetdescription-set:1|en */ www.bekardor.com,,en,,update,en
119996247,119996132,119.30.47.193,2014-04-10T11:46:45Z,/* wbsetaliases-add:1|en */ www.bekardor.com,,,en,add,en
119996423,119996330,119.30.47.193,2014-04-10T11:47:33Z,/* wbsetlabel-set:1|bn */ www.bekardor.com,bn,,,update,bn
119996681,119996423,119.30.47.193,2014-04-10T11:48:56Z,/* wbsetdescription-add:1|bn */ www.bekardor.com,,bn,,add,bn
119996780,119996681,119.30.47.193,2014-04-10T11:49:41Z,/* wbsetlabel-add:1|my */ www.bekardor.co.,my,,,add,my
119997044,119996780,119.30.47.193,2014-04-10T11:51:15Z,/* wbsetdescription-add:1|my */ www.bekardor.com,,my,,add,my
119999260,119997229,119.30.47.193,2014-04-10T12:02:40Z,/* wbsetlabel-set:1|bn */ www.bekardor.org,bn,,,update,bn
119999350,119999260,119.30.47.193,2014-04-10T12:03:08Z,/* wbsetdescription-add:1|bn */ www.bekardor.org,,bn,,add,bn
119999615,119999350,119.30.47.193,2014-04-10T12:04:46Z,/* wbsetaliases-add:1|bn */ www.bekardor.org,,,bn,add,bn
119999710,119999615,119.30.47.193,2014-04-10T12:05:27Z,/* wbsetlabel-set:1|en */ www.bekardor.org,en,,,update,en
119999809,119999710,119.30.47.193,2014-04-10T12:06:06Z,/* wbsetdescription-set:1|en */ www.bekardor.org,,en,,update,en
119999993,119999809,119.30.47.193,2014-04-10T12:07:11Z,/* wbsetlabel-add:1|my */ www.bekardor.org,my,,,add,my
120000063,119999993,119.30.47.193,2014-04-10T12:07:50Z,/* wbsetdescription-add:1|my */ www.bekardor.org,,my,,add,my
120247094,120000212,49.230.73.70,2014-04-11T18:24:32Z,/* wbsetdescription-add:1|th */ Tenda,,th,,add,th
120247183,120247094,49.230.73.70,2014-04-11T18:25:16Z,/* wbsetdescription-set:1|th */ www.tenda.com,,th,,update,th
122184499,121208016,Janjko,2014-04-23T09:34:15Z,/* wbsetlabel-add:1|hr */ Službena web stranica,hr,,,add,hr
122184680,122184499,Janjko,2014-04-23T09:35:50Z,/* wbsetlabel-set:1|hr */ službena web stranica,hr,,,update,hr
126677604,122184680,Agabi10,2014-05-07T20:37:31Z,"/* wbsetaliases-add:2|es */ página web oficial, web oficial",,,es,add,es
130129036,126677604,178.41.14.159,2014-05-17T06:57:12Z,/* wbsetdescription-set:1|cs */ URL adresa www.facebook.com,,cs,,update,cs
131940380,130625193,109.67.169.207,2014-05-21T14:57:35Z,/* wbsetlabel-add:1|ar */ tigregna,ar,,,add,ar
136784240,135459623,Tacsipacsi,2014-06-05T08:38:55Z,/* wbsetaliases-add:1|hu */ weboldal,,,hu,add,hu
136840489,136784240,76.14.79.14,2014-06-05T14:06:25Z,"/* wbsetaliases-remove:2|en */ official page, web address",,,en,remove,en
136929454,136866076,Vennor,2014-06-06T12:46:46Z,/* wbsetlabel-set:1|it */ sito web ufficiale,it,,,update,it
136929460,136929454,Vennor,2014-06-06T12:46:56Z,/* wbsetaliases-set:1|it */ sito ufficiale,,,it,update,it
138097386,137596612,Alphama,2014-06-16T04:27:14Z,/* wbsetdescription-add:1|vi */ trang chủ,,vi,,add,vi
139808049,138097386,Reaper35,2014-06-22T23:18:42Z,/* wbsetaliases-add:1|de */ URL,,,de,add,de
141451626,139808049,Ash Crow,2014-06-29T14:18:53Z,/* wbsetlabel-add:1|br */ lec'hienn ofisiel,br,,,add,br
143735539,141451626,דולב,2014-07-11T10:02:54Z,/* wbsetlabel-set:1|he */ אתר רשמי,he,,,update,he
143735577,143735539,דולב,2014-07-11T10:03:03Z,/* wbsetdescription-set:1|he */ כתובת אתר אינטרנט רשמי,,he,,update,he
144590507,143735577,Florianschmidtwelzow,2014-07-14T11:36:39Z,/* wbsetaliases-add:1|de */ Internetseite,,,de,add,de
144892306,144590507,Paulbe,2014-07-15T18:15:59Z,/* wbsetaliases-add:1|nl */ webpagina,,,nl,add,nl
144892446,144892306,Paulbe,2014-07-15T18:16:47Z,/* wbsetdescription-add:1|nl */ internetadres op het wereldwijde web,,nl,,add,nl
144892481,144892446,Paulbe,2014-07-15T18:16:55Z,/* wbsetaliases-add:1|nl */ URI,,,nl,add,nl
145379440,144892481,Meno25,2014-07-17T16:53:43Z,/* wbsetlabel-add:1|ar */ موقع الويب الرسمي,ar,,,add,ar
146366715,145379440,LacoR,2014-07-21T12:58:48Z,/* wbsetaliases-add:1|sk */ webstránka (oficiálna),,,sk,add,sk
146844023,146366715,Redaktor,2014-07-22T15:56:41Z,/* wbsetlabel-add:1|yi */ אפיציעלע וועבזײַטל,yi,,,add,yi
146844290,146844023,Redaktor,2014-07-22T15:57:43Z,/* wbsetdescription-add:1|yi */ פונעם וועבזײַטל URL,,yi,,add,yi
146844460,146844290,Redaktor,2014-07-22T15:58:24Z,/* wbsetdescription-set:1|yi */ URL פונעם וועבזײַטל,,yi,,update,yi
147714597,146844460,DGtal,2014-07-27T07:40:57Z,"/* wbsetaliases-add:3|he */ אתר אינטרנט רשמי, URL רשמי, אתר הבית",,,he,add,he
148755838,147714597,91.143.105.37,2014-08-01T08:25:14Z,/* wbsetlabel-add:1|de-at */ offizielle Website,de-at,,,add,de-at
148755848,148755838,91.143.105.37,2014-08-01T08:25:18Z,/* wbsetdescription-add:1|de-at */ URL für die Website des Objektes,,de-at,,add,de-at
148807382,148755848,Ash Crow,2014-08-01T11:54:19Z,/* wbsetdescription-set:1|fr */ URL du site internet officiel de l'élément,,fr,,update,fr
152360014,148807382,Neo-Jay,2014-08-22T09:53:50Z,"/* wbsetaliases-add:3|zh */ 官网, 网站地址, 网址",,,zh,add,zh
153544980,152360014,Wylve,2014-08-26T16:37:47Z,/* wbsetaliases-add:1|zh-hk */ 網站,,,zh-hk,add,zh-hk
153719966,153544980,Liuxinyu970226,2014-08-28T00:29:53Z,/* wbsetdescription-add:1|zh-hant */ 此項目的官方網站URL,,zh-hant,,add,zh-hant
156222847,153719966,Marklar2007,2014-09-07T18:37:13Z,/* wbsetlabel-add:1|eu */ Webgune ofiziala,eu,,,add,eu
156222887,156222847,Marklar2007,2014-09-07T18:37:28Z,/* wbsetdescription-add:1|eu */ Webgune ofizialaren URL,,eu,,add,eu
158765989,156222887,Peppepz,2014-09-20T14:56:22Z,/* wbsetlabel-add:1|scn */ situ web officiali,scn,,,add,scn
158766109,158765989,Peppepz,2014-09-20T14:57:03Z,/* wbsetdescription-add:1|scn */ URL pû situ officiali di sta cosa,,scn,,add,scn
159688619,158766109,Tacsipacsi,2014-09-25T16:51:24Z,/* wbsetaliases-add:1|hu */ honlap,,,hu,add,hu
159710176,159688619,Bjankuloski06,2014-09-25T20:35:55Z,/* wbsetlabel-set:1|mk */ службен портал,mk,,,update,mk
160250274,159710176,94.177.114.22,2014-09-28T10:11:55Z,/* wbsetdescription-add:1|ro */ date tehnice v strom,,ro,,add,ro
162178196,160252770,Robin van der Vliet,2014-10-05T18:21:26Z,/* wbsetlabel-add:1|fy */ offisjele webside,fy,,,add,fy
162178203,162178196,Robin van der Vliet,2014-10-05T18:21:28Z,"/* wbsetaliases-add:4|fy */ webside, website, URL, URI",,,fy,add,fy
162178212,162178203,Robin van der Vliet,2014-10-05T18:21:31Z,"/* wbsetaliases-set:4|nl */ website, webpagina, URI, URL",,,nl,update,nl
162498877,162178212,132.199.188.62,2014-10-07T12:56:04Z,/* wbsetaliases-add:1|en */ url,,,en,add,en
168091945,166415446,Kolja21,2014-10-25T00:35:01Z,/* wbsetaliases-add:1|de */ Homepage,,,de,add,de
173115077,168091945,Marat-avgust,2014-11-11T16:06:03Z,/* wbsetlabel-add:1|tt */ Рәсми веб-сәхифә,tt,,,add,tt
173985541,173115077,Sporti,2014-11-14T15:11:34Z,/* wbsetaliases-add:1|sl */ spletna stran,,,sl,add,sl
174763905,173985541,Lokal Profil,2014-11-17T07:44:00Z,"/* wbsetaliases-add:3|sv */ webbplats, hemsida, webbsida",,,sv,add,sv
174763987,174763905,Lokal Profil,2014-11-17T07:44:19Z,/* wbsetdescription-add:1|sv */ URL till objektets officiella webbsida,,sv,,add,sv
174904920,174763987,Pigsonthewing,2014-11-17T20:57:40Z,/* wbsetaliases-add:1|en */ blog,,,en,add,en
177635703,174904920,Marklar2007,2014-11-28T19:34:27Z,/* wbsetlabel-set:1|eu */ webgune ofiziala,eu,,,update,eu
178146600,177635703,Marat-avgust,2014-11-30T15:37:28Z,/* wbsetdescription-add:1|tt */ Бу элементның рәсми веб-сәхифәсе,,tt,,add,tt
178146651,178146600,Marat-avgust,2014-11-30T15:37:43Z,"/* wbsetaliases-add:2|tt */ сайт, рәсми сайт",,,tt,add,tt
183985525,183985418,66.87.121.14,2014-12-27T04:50:30Z,"/* wbsetaliases-remove:8|en */ home page, official page, official web site, official url, official homepage, web address, url, blog",,,en,remove,en
183985561,183985525,66.87.121.14,2014-12-27T04:50:49Z,/* wbsetaliases-remove:1|en */ homepage,,,en,remove,en
183985590,183985561,66.87.121.14,2014-12-27T04:51:07Z,"/* wbsetaliases-remove:2|en */ website, official site",,,en,remove,en
183985616,183985590,66.87.121.14,2014-12-27T04:51:19Z,"/* wbsetaliases-remove:2|es */ página web oficial, web oficial",,,es,remove,es
183985715,183985616,66.87.121.14,2014-12-27T04:52:13Z,/* wbsetlabel-remove:1|es */ sitio web oficial,es,,,remove,es
183985721,183985715,66.87.121.14,2014-12-27T04:52:14Z,/* wbsetdescription-remove:1|es */ URL al sitio web de este elemento,,es,,remove,es
183985725,183985721,66.87.121.14,2014-12-27T04:52:16Z,/* wbsetaliases-add:1|es */ ɥɪθɪθɒʊɪθɪθœœ,,,es,add,es
183985856,183985725,66.87.121.14,2014-12-27T04:53:30Z,/* wbsetaliases-add:1|en */ ɛŋɣʎɪʃɥ,,,en,add,en
183985901,183985856,66.87.121.14,2014-12-27T04:53:54Z,/* wbsetaliases-set:1|en */ ɑθθ,,,en,update,en
183985952,183985901,66.87.121.14,2014-12-27T04:54:19Z,/* wbsetaliases-remove:1|en */ ɑθθ,,,en,remove,en
183985989,183985952,66.87.121.14,2014-12-27T04:54:37Z,/* wbsetlabel-remove:1|en */ official website,en,,,remove,en
183986014,183985989,66.87.121.14,2014-12-27T04:54:51Z,/* wbsetdescription-set:1|en */ URL to the website of this iteml,,en,,update,en
183986171,183986014,66.87.121.14,2014-12-27T04:56:10Z,/* wbsetaliases-remove:1|es */ ɥɪθɪθɒʊɪθɪθœœ,,,es,remove,es
183986174,183986171,66.87.121.14,2014-12-27T04:56:14Z,/* wbsetlabel-remove:1|zh-hant */ 官方網站,zh-hant,,,remove,zh-hant
183986178,183986174,66.87.121.14,2014-12-27T04:56:16Z,/* wbsetdescription-remove:1|zh-hant */ 此項目的官方網站URL,,zh-hant,,remove,zh-hant
183986182,183986178,66.87.121.14,2014-12-27T04:56:17Z,/* wbsetlabel-remove:1|fr */ site officiel,fr,,,remove,fr
183986186,183986182,66.87.121.14,2014-12-27T04:56:18Z,/* wbsetdescription-remove:1|fr */ URL du site internet officiel de l'élément,,fr,,remove,fr
183986190,183986186,66.87.121.14,2014-12-27T04:56:19Z,"/* wbsetaliases-remove:4|fr */ site officiel, URL officielle, site web, site internet",,,fr,remove,fr
183986260,183986190,66.87.121.14,2014-12-27T04:56:54Z,/* wbsetdescription-remove:1|en */ URL to the website of this iteml,,en,,remove,en
184402517,184001688,AlternoBreak,2014-12-28T21:38:50Z,/* wbsetlabel-add:1|ro */ Site oficial,ro,,,add,ro
187942718,184402517,AWE CHEAA,2015-01-14T03:34:30Z,/* wbsetdescription-set:1|en */ http://awe.com.cn/en/,,en,,update,en
189163162,187955690,Janezdrilc,2015-01-19T23:38:36Z,"/* wbsetaliases-add:6|sl */ uradna stran, internetna stran, internetna povezava, domača stran, internetni naslov, blog",,,sl,add,sl
189213911,189163162,2001:4C28:4000:721:185:26:182:31,2015-01-20T10:06:39Z,/* wbsetdescription-add:1|ro */ stiri,,ro,,add,ro
192159641,189213911,Coldacid,2015-01-30T02:51:26Z,/* wbsetlabel-add:1|en-ca */ official website,en-ca,,,add,en-ca
192159646,192159641,Coldacid,2015-01-30T02:51:29Z,/* wbsetdescription-add:1|en-ca */ URL of the official website of the item,,en-ca,,add,en-ca
192159698,192159646,Coldacid,2015-01-30T02:52:03Z,"/* wbsetaliases-add:9|en-ca */ website, home page, web site, official web site, official url, url, homepage, official page, web address",,,en-ca,add,en-ca
193632180,193033608,Robin van der Vliet,2015-02-04T22:24:07Z,/* wbsetlabel-set:1|fy */ offisjele webstee,fy,,,update,fy
193632186,193632180,Robin van der Vliet,2015-02-04T22:24:09Z,"/* wbsetaliases-set:4|fy */ website, URL, URI, webstee",,,fy,update,fy
194487811,193632186,Alphama,2015-02-08T01:38:05Z,/* wbsetaliases-add:1|vi */ trang nhà,,,vi,add,vi
194487870,194487811,Alphama,2015-02-08T01:38:25Z,/* wbsetaliases-set:1|vi */ trang web chính thức,,,vi,update,vi
195131478,194487870,KuboF Hromoslav,2015-02-10T00:12:31Z,/* wbsetaliases-add:1|eo */ retejo,,,eo,add,eo
195235961,195131478,194.63.239.233,2015-02-10T08:22:29Z,/* wbsetdescription-set:1|en */ DATA DAT V FOR VENDETE,,en,,update,en
196166288,195256300,2602:306:BCD3:8960:4DD5:CDE5:8A47:60F6,2015-02-13T13:27:33Z,"/* wbsetaliases-remove:6|en */ website, official site, homepage, official page, official web site, web address",,,en,remove,en
196166930,196166571,2602:306:BCD3:8960:4DD5:CDE5:8A47:60F6,2015-02-13T13:31:14Z,"/* wbsetaliases-remove:2|en */ home page, official url",,,en,remove,en
197541546,196167889,Andrew Dalby,2015-02-18T14:05:45Z,/* wbsetlabel-add:1|la */ situs interretialis,la,,,add,la
202048225,198410936,Дагиров Умар,2015-03-07T19:40:48Z,/* wbsetlabel-add:1|ce */ официальни сайт,ce,,,add,ce
202634066,202048225,190.143.190.51,2015-03-09T06:30:44Z,/* wbsetdescription-set:1|en */ WWW Twitter.com/otto_deleon,,en,,update,en
207284426,202638112,E.coli,2015-03-28T00:57:35Z,/* wbsetdescription-add:1|hr */ adresa web stranice za ovu stavku,,hr,,add,hr
207284437,207284426,E.coli,2015-03-28T00:57:37Z,"/* wbsetaliases-add:6|hr */ službena stranica, url, web adresa, web, službeni url, službeni web",,,hr,add,hr
207459457,207284437,132.199.189.193,2015-03-28T14:14:50Z,"/* wbsetaliases-set:8|de */ Webseite, Internetauftritt, Website, URL, Internetseite, Homepage, Webadresse, Internetadresse",,,de,update,de
209568020,208242003,सरोज कुमार ढकाल,2015-04-08T15:50:58Z,/* wbsetlabel-add:1|ne */ आधिकारिक वेबसाइट,ne,,,add,ne
210917360,209568020,2A00:801:211:57AD:CCB5:546C:A3F1:D8CA,2015-04-15T12:27:19Z,"/* wbsetaliases-set:5|sv */ webbplats, hemsida, webbsida, officiell webbplats, officiell hemsida",,,sv,update,sv
210917906,210917360,2A00:801:211:57AD:CCB5:546C:A3F1:D8CA,2015-04-15T12:30:56Z,"/* wbsetaliases-add:2|sv */ blogg, url",,,sv,add,sv
210967504,210917906,76.0.111.149,2015-04-15T20:24:47Z,/* wbsetlabel-set:1|en */ GAY,en,,,update,en
210981071,210967882,Wiki-Wuzzy,2015-04-15T21:53:43Z,/* wbsetaliases-add:1|de */ Webpräsenz,,,de,add,de
214955599,213082648,Gonza2015,2015-05-09T11:41:09Z,"/* wbsetlabeldescriptionaliases:3|en */ official website, http://ocioytv.blogspot.com, Neoliberal conservador",en,en,en,uptdate,en
216369769,214955696,Sonic N800,2015-05-18T06:14:41Z,/* wbsetaliases-add:1|en */ official blog,,,en,add,en
216506850,216369769,Ham II,2015-05-18T21:55:25Z,/* wbsetlabel-add:1|cy */ gwefan swyddogol,cy,,,add,cy
220561514,216506850,Дагиров Умар,2015-05-29T18:54:50Z,/* wbsetlabel-set:1|ce */ официалан сайт,ce,,,update,ce
221152503,220561514,Peppepz,2015-06-04T16:31:33Z,/* wbsetlabel-set:1|scn */ situ web ufficiali,scn,,,update,scn
221152507,221152503,Peppepz,2015-06-04T16:31:35Z,/* wbsetdescription-set:1|scn */ URL dû situ web ufficiali dû suggettu,,scn,,update,scn
221152511,221152507,Peppepz,2015-06-04T16:31:36Z,"/* wbsetaliases-add:3|scn */ URL, situ internet ufficiali, situ ufficiali",,,scn,add,scn
222026165,221168728,軽快,2015-06-12T03:58:04Z,"/* wbsetaliases-add:3|ja */ 公式ウェブサイト, オフィシャルサイト, 公式ホームページ",,,ja,add,ja
224622954,222026165,Sanya7901,2015-06-28T07:57:32Z,/* wbsetdescription-add:1|uk */ Посилання на веб-сайт цього елемента,,uk,,add,uk
224622959,224622954,Sanya7901,2015-06-28T07:57:33Z,"/* wbsetaliases-add:2|uk */ офіційний веб-сайт, URL офіційного веб-сайту",,,uk,add,uk
227356315,224622959,Romaine,2015-07-08T00:16:04Z,"/* wbsetaliases-set:3|nl */ URI, URL, website (officieel)",,,nl,update,nl
227370242,227356315,Romaine,2015-07-08T01:09:16Z,"/* wbsetaliases-set:3|nl */ URI, website (officieel), URL (officieel)",,,nl,update,nl
227373756,227370242,Romaine,2015-07-08T01:22:52Z,"/* wbsetaliases-set:12|en */ official site, homepage, home page, official page, official web site, official url, official homepage, web address, url, blog, official blog, website (official)",,,en,update,en
227373797,227373756,Romaine,2015-07-08T01:23:03Z,"/* wbsetaliases-set:12|en */ official site, homepage, home page, official page, official web site, official url, official homepage, web address, blog, official blog, website (official), url (official)",,,en,update,en
227437637,227373797,Matěj Suchánek,2015-07-08T05:56:10Z,"/* wbsetaliases-set:5|cs */ www stránka, webová stránka, webové stránky, www stránky, web",,,cs,update,cs
227466407,227437637,Fnielsen,2015-07-08T07:56:38Z,/* wbsetaliases-add:1|da */ website,,,da,add,da
227466445,227466407,Fnielsen,2015-07-08T07:56:48Z,/* wbsetaliases-add:1|da */ websted,,,da,add,da
231044009,227466445,Hardwigg,2015-07-15T08:03:25Z,/* wbsetlabel-add:1|sq */ webfaqja zyrtar,sq,,,add,sq
231044010,231044009,Hardwigg,2015-07-15T08:03:26Z,"/* wbsetaliases-add:2|sq */ faqja e internetit zyrtar, adresa e internetit zyrtar",,,sq,add,sq
235447494,231044010,KuboF Hromoslav,2015-07-20T23:41:03Z,/* wbsetdescription-add:1|eo */ retligilo al la retpaĝo de la temo,,eo,,add,eo
235867600,235447494,JAn Dudík,2015-07-21T06:03:03Z,/* wbsetaliases-add:1|cs */ oficiální URL,,,cs,add,cs
236285265,235867600,Termininja,2015-07-22T15:31:27Z,/* wbsetlabel-add:1|bg */ официален сайт,bg,,,add,bg
236285538,236285265,Termininja,2015-07-22T15:33:23Z,/* wbsetlabel-set:1|bg */ официален уебсайт,bg,,,update,bg
236499442,236285538,Sjoerddebruin,2015-07-23T10:08:27Z,/* wbsetaliases-add:1|nl */ officiele website,,,nl,add,nl
238218410,236499442,Event,2015-07-31T15:54:33Z,/* wbsetaliases-add:1|nb */ hjemmeside,,,nb,add,nb
239293583,238218410,Sevela.p,2015-08-08T10:06:23Z,/* wbsetaliases-add:1|cs */ oficiální stránky,,,cs,add,cs
239293709,239293583,Sevela.p,2015-08-08T10:08:27Z,/* wbsetaliases-remove:1|en */ blog,,,en,remove,en
239736381,239293709,ԱշոտՏՆՂ,2015-08-10T10:28:52Z,/* wbsetlabel-add:1|hy */ պաշտոնական կայք,hy,,,add,hy
239736384,239736381,ԱշոտՏՆՂ,2015-08-10T10:28:54Z,/* wbsetaliases-add:1|hy */ պաշտոնական կայքէջ,,,hy,add,hy
242517077,239736384,107.167.108.95,2015-08-16T21:41:37Z,"/* wbsetaliases-set:11|en */ official site, homepage, home page, official page, official web site, official url, official homepage, web address, official facebook, website (official), url (official)",,,en,update,en
244328352,242521325,Randykitty,2015-08-20T15:02:38Z,/* wbsetdescription-add:1|en-gb */ URL to the website of this item,,en-gb,,add,en-gb
247947828,244328352,Lam-ang,2015-09-05T05:49:52Z,/* wbsetlabel-add:1|ilo */ opisial a website,ilo,,,add,ilo
247947834,247947828,Lam-ang,2015-09-05T05:49:54Z,/* wbsetdescription-add:1|ilo */ URL iti website ti daytoy a banag,,ilo,,add,ilo
251385572,247947834,Zygimantus,2015-09-11T21:39:51Z,/* wbsetlabel-add:1|lt */ oficiali svetainė,lt,,,add,lt
251385576,251385572,Zygimantus,2015-09-11T21:39:52Z,"/* wbsetaliases-add:3|lt */ oficialus puslapis, namų puslapis, oficiali interneto svetainė",,,lt,add,lt
251463032,251385576,Alismayilov,2015-09-12T07:53:03Z,/* wbsetlabel-add:1|az */ rəsmi saytı,az,,,add,az
252796425,252510317,Fnielsen,2015-09-19T14:50:35Z,/* wbsetaliases-add:1|da */ hjemmeside,,,da,add,da
256939408,252796425,Oriciu,2015-10-11T01:59:50Z,/* wbsetlabel-add:1|ast */ sitiu web oficial,ast,,,add,ast
256939409,256939408,Oriciu,2015-10-11T01:59:51Z,/* wbsetdescription-add:1|ast */ URL al sitiu web d'esti elementu,,ast,,add,ast
256939411,256939409,Oriciu,2015-10-11T01:59:52Z,"/* wbsetaliases-add:4|ast */ páxina web oficial, web oficial, url oficial, páxina oficial",,,ast,add,ast
264052904,257449107,Geraki,2015-10-28T13:41:17Z,/* wbsetlabel-set:1|el */ επίσημος ιστότοπος,el,,,update,el
264052917,264052904,Geraki,2015-10-28T13:41:18Z,/* wbsetdescription-set:1|el */ URL του επίσημου ιστότοπου του αντικειμένου,,el,,update,el
264052927,264052917,Geraki,2015-10-28T13:41:19Z,"/* wbsetaliases-add:3|el */ επίσημη ιστοσελίδα, διεύθυνση ίντερνετ, ιστοσελίδα",,,el,add,el
271338426,267216421,Hibm98,2015-11-14T02:09:17Z,/* wbsetdescription-set:1|ko */ 항목의 공식 홈페이지로 연결되는 URL,,ko,,update,ko
271339260,271338426,Hibm98,2015-11-14T02:12:57Z,/* wbsetdescription-set:1|ko */ 항목의 공식 홈페이지 주소,,ko,,update,ko
271339263,271339260,Hibm98,2015-11-14T02:12:58Z,/* wbsetaliases-add:1|ko */ 공식홈페이지,,,ko,add,ko
271339548,271339263,Hibm98,2015-11-14T02:14:18Z,"/* wbsetaliases-set:5|ko */ 홈페이지, 홈 페이지, 웹사이트, 웹 사이트, 공식 웹사이트",,,ko,update,ko
271339554,271339548,Hibm98,2015-11-14T02:14:19Z,"/* wbsetaliases-set:3|ja */ オフィシャルサイト, 公式ホームページ, 公式웹サイト",,,ja,update,ja
271342041,271339554,Hibm98,2015-11-14T02:25:09Z,/* wbsetaliases-add:1|ko */ 공식 URL,,,ko,add,ko
275069627,271342041,62.175.219.222,2015-11-19T10:02:44Z,/* wbsetlabel-set:1|en */ penaldo website,en,,,update,en
277333749,275069724,Hibm98,2015-11-29T14:52:38Z,/* wbsetaliases-add:1|ko */ 공홈,,,ko,add,ko
277333867,277333749,Hibm98,2015-11-29T14:53:14Z,"/* wbsetaliases-set:3|ja */ オフィシャルサイト, 公式ホームページ, 公式ウェブサイト",,,ja,update,ja
283074310,277333867,187.202.223.242,2015-12-13T07:27:25Z,"/* wbsetlabeldescriptionaliases:3|en */ Sitio oficial, https://m.facebook.com/ivan.cid.33?ref=bookmarks, official site, homepage, home page, official page, official web site, official url, official homepage, web address, website (official), url (o...",en,en,en,uptdate,en
283074811,283074310,187.202.223.242,2015-12-13T07:30:35Z,/* wbsetlabel-set:1|en */ Propiedad de,en,,,update,en
285395856,285347552,Bjankuloski06,2015-12-23T20:22:02Z,/* wbsetlabel-set:1|mk */ матична страница,mk,,,update,mk
285395863,285395856,Bjankuloski06,2015-12-23T20:22:04Z,"/* wbsetaliases-add:2|mk */ службена страница, службен портал",,,mk,add,mk
287528195,285395863,150.129.103.83,2015-12-31T16:34:34Z,"/* wbsetlabeldescriptionaliases:3|en */ official website, Www.VipMasti.In, Www.VipMasti.In",en,en,en,uptdate,en
290398105,287528602,Jeblad,2016-01-10T07:05:00Z,/* wbsetlabel-add:1|nn */ offisell nettstad,nn,,,add,nn
290398108,290398105,Jeblad,2016-01-10T07:05:02Z,/* wbsetdescription-add:1|nn */ URL for nettstaden til dette elementet,,nn,,add,nn
291902757,291095189,ANBI,2016-01-14T10:26:06Z,/* wbsetlabel-add:1|ps */ رسمي وېبځی,ps,,,add,ps
296081346,293855451,189.152.35.212,2016-01-26T08:11:25Z,/* wbsetlabel-set:1|en */ official website.,en,,,update,en
296471549,296082594,Edgars2007,2016-01-27T09:11:43Z,/* wbsetlabel-set:1|lv */ oficiālā mājaslapa,lv,,,update,lv
296471557,296471549,Edgars2007,2016-01-27T09:11:43Z,"/* wbsetaliases-add:2|lv */ oficiālā vietne, oficiālā mājas lapa",,,lv,add,lv
298183105,296471557,Murma174,2016-01-31T08:25:30Z,/* wbsetlabel-add:1|frr */ amtelk wääbsteed,frr,,,add,frr
298185299,298183105,Murma174,2016-01-31T08:32:11Z,/* wbsetlabel-set:1|frr */ Amtelk wääbsteed,frr,,,update,frr
301131421,298185299,201.165.181.155,2016-02-06T01:36:23Z,"/* wbsetlabeldescriptionaliases:3|en */ bereainternacional.com, bereainternacional.com, bereainternacional.com",en,en,en,uptdate,en
301235129,301158849,Les Meloures,2016-02-06T10:03:01Z,/* wbsetlabel-add:1|lb */ Offiziell Websäit,lb,,,add,lb
301460966,301235129,Harry Canyon,2016-02-07T08:48:40Z,/* wbsetlabel-set:1|de */ Offizielle Website,de,,,update,de
302964913,301460966,Nikki,2016-02-11T17:41:41Z,/* wbsetlabel-add:1|mt */ sit uffiċjali,mt,,,add,mt
304481620,302964913,Asierog,2016-02-16T20:34:06Z,"/* wbsetaliases-add:2|eu */ web-orri ofiziala, web-orrialde ofiziala",,,eu,add,eu
306406909,304481620,Jagwar,2016-02-22T22:11:30Z,/* wbsetlabel-add:1|mg */ tranonkala ofisialy,mg,,,add,mg
311068512,307840468,Máté,2016-03-08T15:24:08Z,"/* wbsetaliases-add:2|hu */ hivatalos oldal, webhely",,,hu,add,hu
312286117,311068512,Avatar6,2016-03-13T06:02:19Z,/* wbsetdescription-set:1|uk */ Посилання на інтернет сторінку цього елемента,,uk,,update,uk
312286118,312286117,Avatar6,2016-03-13T06:02:22Z,"/* wbsetaliases-add:3|uk */ домашня сторінка, інтернет-сторінка, веб-сторінка",,,uk,add,uk
312286121,312286118,Avatar6,2016-03-13T06:02:43Z,/* wbsetaliases-add:1|uk */ інтернет адреса,,,uk,add,uk
313676564,313213547,Sonic N800,2016-03-19T09:22:55Z,/* wbsetaliases-add:1|en */ web site,,,en,add,en
313847515,313676564,188.135.40.55,2016-03-19T19:51:19Z,/* wbsetlabel-set:1|en */ official websitelp,en,,,update,en
317551306,313848148,Checkingfax,2016-03-31T18:04:34Z,/* wbsetaliases-add:1|en */ website,,,en,add,en
318853212,318455755,Trolleador2016,2016-04-05T10:04:56Z,/* wbsetlabel-set:1|es */ no gano mundiales,es,,,update,es
322358284,318855655,Sonic N800,2016-04-17T12:31:50Z,/* wbsetaliases-add:1|en */ site,,,en,add,en
323124702,322358284,LLarson,2016-04-19T14:53:12Z,"/* wbsetaliases-add:3|ht */ sit entènèt ofisyèl, sit wèb ofisyèl, sit ofisyèl",,,ht,add,ht
326789264,324111800,Csyogi,2016-04-29T10:07:44Z,/* wbsetlabel-add:1|kn */ ಅಧಿಕೃತ ಜಾಲತಾಣ,kn,,,add,kn
326789273,326789264,Csyogi,2016-04-29T10:07:45Z,/* wbsetdescription-add:1|kn */ ಈ ವಸ್ತುವಿನ ಜಾಲತಾಣಕ್ಕೆ ಕೊಂಡಿ,,kn,,add,kn
326789275,326789273,Csyogi,2016-04-29T10:07:47Z,"/* wbsetaliases-add:2|kn */ ಅಧಿಕೃತ ತಾಣ, ಜಾಲತಾಣ",,,kn,add,kn
327314786,326789275,14.202.242.25,2016-04-30T01:01:17Z,/* wbsetlabel-set:1|en */ Sunny Bunny Solar Power Store,en,,,update,en
327323780,327316837,SunnybunnyAU,2016-04-30T01:12:07Z,/* wbsetlabel-set:1|en */ Sunny Bunny Solar Power Store,en,,,update,en
327323788,327323780,SunnybunnyAU,2016-04-30T01:12:08Z,/* wbsetdescription-set:1|en */ http://www.sunnybunny.com.au,,en,,update,en
327324188,327323788,SunnybunnyAU,2016-04-30T01:12:37Z,/* wbsetdescription-remove:1|ru */ URL веб-сайта этого элемента,,ru,,remove,ru
327324202,327324188,SunnybunnyAU,2016-04-30T01:12:38Z,/* wbsetdescription-remove:1|zh-hant */ 此項目的官方網站URL,,zh-hant,,remove,zh-hant
327324214,327324202,SunnybunnyAU,2016-04-30T01:12:39Z,/* wbsetdescription-remove:1|it */ URL al sito web ufficiale dell'elemento,,it,,remove,it
332893483,330191246,Michiel1972,2016-05-06T21:57:15Z,"/* wbsetaliases-set:6|nl */ URI, website (officieel), URL (officieel), officiële website, URL officiële website, officiële URL",,,nl,update,nl
333309779,332945585,Máté,2016-05-07T16:18:30Z,/* wbsetdescription-set:1|hu */ a elem weboldalának URL-je,,hu,,update,hu
334732514,333309779,Ravidreams,2016-05-10T09:56:18Z,/* wbsetlabel-set:1|ta */ அலுவல்முறை இணையத்தளம்,ta,,,update,ta
334737844,334737826,Balajijagadesh,2016-05-10T10:34:48Z,/* wbsetaliases-add:1|ta */ அலுவல்முறை இணையத்தளம்,,,ta,add,ta
337185301,334737844,181.122.169.64,2016-05-16T04:12:27Z,"/* wbsetlabeldescriptionaliases:3|en */ Belen Lopez Vargas, http://www.belenlopezvargas.com, official site, homepage, home page, official page, official web site, official url, official homepage, web address, website (official), url (official), we...",en,en,en,uptdate,en
337185404,337185301,181.122.169.64,2016-05-16T04:13:29Z,"/* wbsetaliases-set:2|en */ official site, Homepage",,,en,update,en
338324321,337185644,Beeyan,2016-05-19T03:58:04Z,/* wbsetlabel-set:1|id */ situs resmi,id,,,update,id
338324323,338324321,Beeyan,2016-05-19T03:58:05Z,/* wbsetdescription-add:1|id */ Lokator Sumber Seragam (URL) dari situs untuk butir terkait,,id,,add,id
338324325,338324323,Beeyan,2016-05-19T03:58:06Z,"/* wbsetaliases-add:4|id */ situs web resmi, laman web resmi, url resmi, situs web (resmi)",,,id,add,id
338894502,338324325,EileenSanda,2016-05-20T22:44:49Z,/* wbsetlabel-add:1|fo */ almenn heimasíða,fo,,,add,fo
338894506,338894502,EileenSanda,2016-05-20T22:44:50Z,"/* wbsetaliases-add:2|fo */ heimasíða, vevsíða",,,fo,add,fo
339014699,338894506,Hibm98,2016-05-21T07:39:53Z,"/* wbsetaliases-add:3|ko */ 공식홈페이지, 공식웹사이트, 공식홈",,,ko,add,ko
346736403,345767521,Nizil Shah,2016-06-13T16:56:50Z,/* wbsetlabel-set:1|gu */ સત્તાવાર વેબસાઈટ,gu,,,update,gu
346736568,346736403,Nizil Shah,2016-06-13T16:57:53Z,/* wbsetdescription-set:1|gu */ સંલગ્ન,,gu,,update,gu
346736620,346736568,Nizil Shah,2016-06-13T16:58:09Z,/* wbsetdescription-set:1|gu */ સંલગ્ન વેબસાઈટ,,gu,,update,gu
350015671,346896682,Canley,2016-06-23T06:49:13Z,/* wbsetlabel-add:1|ga */ láithreán gréasáin oifigiúil,ga,,,add,ga
352110691,350015671,J budissin,2016-06-29T15:33:10Z,/* wbsetlabel-add:1|hsb */ oficielna webstrona,hsb,,,add,hsb
352110697,352110691,J budissin,2016-06-29T15:33:11Z,/* wbsetdescription-add:1|hsb */ URL oficielneje webstrony objekta,,hsb,,add,hsb
356617265,354114041,Gabriel dos Santos,2016-07-11T18:41:06Z,/* wbsetlabel-set:1|pt-br */ website oficial,pt-br,,,update,pt-br
356617270,356617265,Gabriel dos Santos,2016-07-11T18:41:07Z,/* wbsetdescription-add:1|pt-br */ URL do website oficial desse item,,pt-br,,add,pt-br
356617272,356617270,Gabriel dos Santos,2016-07-11T18:41:08Z,"/* wbsetaliases-add:5|pt-br */ site web oficial, site oficial, página oficial, página inicial, página inicial oficial",,,pt-br,add,pt-br
356617275,356617272,Gabriel dos Santos,2016-07-11T18:41:09Z,/* wbsetlabel-set:1|pt */ website oficial,pt,,,update,pt
356617279,356617275,Gabriel dos Santos,2016-07-11T18:41:10Z,/* wbsetdescription-set:1|pt */ URL do website oficial desse item,,pt,,update,pt
356617281,356617279,Gabriel dos Santos,2016-07-11T18:41:11Z,"/* wbsetaliases-add:6|pt */ site web ofical, sítio oficial, sítio web oficial, página oficial, página inicial, página inicial oficial",,,pt,add,pt
357640134,356617281,Frokor,2016-07-15T21:13:18Z,/* wbsetlabel-set:1|nn */ offisiell nettstad,nn,,,update,nn
357866363,357640134,3000xxx3000,2016-07-17T07:15:07Z,"/* wbsetlabeldescriptionaliases:3|en */ infosuburbana.net, http://infosuburbana.net, official site, homepage, home page, official page, official web site, official url, official homepage, web address, website (official), url (official), web site,...",en,en,en,uptdate,en
359062987,357867679,Hibm98,2016-07-23T09:55:09Z,/* wbsetdescription-set:1|ko */ 항목 주제의 공식 홈페이지 주소,,ko,,update,ko
361154493,359792135,187.137.31.165,2016-08-01T20:23:02Z,/* wbsetlabel-set:1|en */ Es una pendeja,en,,,update,en
362984369,361155854,Deepak885,2016-08-10T10:28:36Z,/* wbsetlabel-add:1|ml */ ഔദ്യോഗിക വെബ്സൈറ്റ്,ml,,,add,ml
363870182,362984369,Sunlusoy16,2016-08-13T10:00:14Z,/* wbsetlabel-add:1|tr */ resmi site,tr,,,add,tr
368816104,363870182,Şêr,2016-08-23T12:35:41Z,/* wbsetlabel-add:1|ku-latn */ malpera fermî,ku-latn,,,add,ku-latn
369090468,368816104,Sassidesigns,2016-08-24T21:50:21Z,/* wbsetdescription-set:1|en */ Charter Oak Unified School District,,en,,update,en
369090751,369090468,Sassidesigns,2016-08-24T21:52:26Z,/* wbsetdescription-set:1|en */ Charter Oak High School,,en,,update,en
369921025,369091187,VASHGIRD,2016-08-26T17:52:00Z,/* wbsetlabel-add:1|tg */ сайти расмӣ,tg,,,add,tg
369921109,369921025,VASHGIRD,2016-08-26T17:52:16Z,/* wbsetdescription-add:1|tg */ сомонаи расмӣ,,tg,,add,tg
376124654,369921109,83.50.180.216,2016-09-13T09:45:59Z,/* wbsetdescription-set:1|en */ http://chayanne.com/entodoestare/,,en,,update,en
376124933,376124654,83.50.180.216,2016-09-13T09:53:44Z,/* wbsetdescription-set:1|en */ http://chayanne.com,,en,,update,en
377138839,376129762,45.56.75.193,2016-09-18T06:19:08Z,/* wbsetdescription-set:1|en */ www,,en,,update,en
377139131,377138839,45.56.75.193,2016-09-18T06:22:11Z,"/* wbsetlabeldescriptionaliases:3|en */ www.Olintepeque.com, www.Olintepeque.com, official site, homepage, home page, official page, official web site, official url, official homepage, web address, website (official), url (official), web site, web...",en,en,en,uptdate,en
377139294,377139131,45.56.75.193,2016-09-18T06:23:56Z,/* wbsetdescription-set:1|en */ Website del Municipio de Olintepeque,,en,,update,en
377612255,377558032,50.53.1.33,2016-09-20T02:49:51Z,"/* wbsetaliases-set:13|en */ official site, homepage, home page, official page, official web site, official homepage, web address, website (official), web site, website, site, official URL, URL (official)",,,en,update,en
384406178,379173668,82.51.74.74,2016-10-06T18:33:44Z,/* wbsetdescription-set:1|en */ official website,,en,,update,en
384406182,384406178,82.51.74.74,2016-10-06T18:33:45Z,/* wbsetdescription-set:1|it */ http://www.comune.roccamonfina.ce.it/,,it,,update,it
384406239,384406182,82.51.74.74,2016-10-06T18:34:06Z,/* wbsetdescription-set:1|fr */ http://www.comune.roccamonfina.ce.it/,,fr,,update,fr
384988850,384589639,Bjankuloski06,2016-10-08T14:20:42Z,/* wbsetaliases-add:1|mk */ портал,,,mk,add,mk
384988947,384988850,Bjankuloski06,2016-10-08T14:21:01Z,"/* wbsetaliases-add:2|mk */ официјален сајт, официјален вебсајт",,,mk,add,mk
386076111,384988947,39.50.230.1,2016-10-10T12:05:42Z,/* wbsetlabel-set:1|en */ Diva Squad Fitness,en,,,update,en
386076116,386076111,39.50.230.1,2016-10-10T12:05:43Z,"/* wbsetdescription-set:1|en */ Diva Squad Fitness has a top bodybuilding & fitness coach in Florida. You wish about your body come in shape, then join our fitness program now.",,en,,update,en
386076276,386076116,39.50.230.1,2016-10-10T12:06:05Z,"/* wbsetaliases-set:13|en */ homepage, home page, official page, official web site, official homepage, web address, website (official), web site, website, site, official URL, URL (official), http://www.divasquadfitness.com/",,,en,update,en
386324076,386077741,Pastorius,2016-10-10T21:54:11Z,"/* wbsetdescription-set:1|cs */ URL adresa, na které jsou webové stránky položky",,cs,,update,cs
387256458,386324076,ديفيد عادل وهبة خليل 2,2016-10-12T09:39:06Z,/* wbsetaliases-add:1|ar */ الموقع الرسم,,,ar,add,ar
387256509,387256458,ديفيد عادل وهبة خليل 2,2016-10-12T09:39:14Z,/* wbsetaliases-set:1|ar */ الموقع الرسمي,,,ar,update,ar
388087333,387256509,177.237.163.108,2016-10-13T18:33:08Z,/* wbsetlabel-remove:1|en */ official website,en,,,remove,en
388087340,388087333,177.237.163.108,2016-10-13T18:33:08Z,/* wbsetdescription-remove:1|en */ URL to the website of this item,,en,,remove,en
390895941,388087776,190.9.213.41,2016-10-19T03:44:00Z,/* wbsetdescription-set:1|en */ ladygaga.com,,en,,update,en
397292283,390898943,Bernard Durand,2016-10-28T09:20:19Z,/* wbsetlabel-set:1|en */ website,en,,,update,en
397292287,397292283,Bernard Durand,2016-10-28T09:20:19Z,/* wbsetlabel-set:1|fr */ site internet,fr,,,update,fr
397292289,397292287,Bernard Durand,2016-10-28T09:20:20Z,/* wbsetlabel-set:1|it */ sito web,it,,,update,it
397292292,397292289,Bernard Durand,2016-10-28T09:20:20Z,/* wbsetlabel-set:1|oc */ Site,oc,,,update,oc
399368808,397294151,Wylve,2016-11-01T11:54:38Z,/* wbsetlabel-add:1|zh-mo */ 官方網站,zh-mo,,,add,zh-mo
399368815,399368808,Wylve,2016-11-01T11:54:39Z,/* wbsetlabel-add:1|zh-my */ 官方网站,zh-my,,,add,zh-my
399368822,399368815,Wylve,2016-11-01T11:54:40Z,/* wbsetlabel-add:1|zh-sg */ 官方网站,zh-sg,,,add,zh-sg
399470579,399368822,Algentem,2016-11-01T15:20:54Z,/* wbsetlabel-set:1|io */ oficala retoloko,io,,,update,io
400327933,399470579,2A03:2880:3010:9FE0:FACE:B00C:0:8000,2016-11-03T08:46:56Z,"/* wbsetlabeldescriptionaliases:3|en */ Twitter, Faizanulhassan0, official site, homepage, home page, official page, official web site, official homepage, web address, website (official), web site, website, site, official URL, URL (official)",en,en,en,uptdate,en
406420279,403692597,Entbert,2016-11-12T22:53:33Z,/* wbsetlabel-set:1|de */ offizielle Website,de,,,update,de
406793438,406420279,Chrumps,2016-11-13T16:24:16Z,"/* wbsetaliases-add:3|pl */ strona internerowa, strona www, strona główna",,,pl,add,pl
406793523,406793438,Chrumps,2016-11-13T16:24:29Z,"/* wbsetaliases-set:3|pl */ strona www, strona główna, strona internetowa",,,pl,update,pl
407373424,406793523,İncelemeelemani,2016-11-14T18:30:15Z,/* wbsetlabel-set:1|tr */ resmî site,tr,,,update,tr
407373434,407373424,İncelemeelemani,2016-11-14T18:30:16Z,/* wbsetdescription-add:1|tr */ bu ögenin website URL adresi,,tr,,add,tr
407373444,407373434,İncelemeelemani,2016-11-14T18:30:17Z,"/* wbsetaliases-add:8|tr */ resmi site, anasayfa, ana sayfa, resmî web sitesi, resmî ana sayfa, website (resmî), site, ORL (resmî)",,,tr,add,tr
407508956,407373444,軽快,2016-11-14T23:22:34Z,"/* wbsetaliases-add:3|ja */ 公式サイト, ホームページ, ウェブサイト",,,ja,add,ja
409550511,407508956,Ryanag,2016-11-20T05:50:41Z,/* wbsetlabel-add:1|ba */ рәсми сайт,ba,,,add,ba
409550514,409550511,Ryanag,2016-11-20T05:50:42Z,"/* wbsetaliases-add:2|ba */ сайт, рәсми веб-сайт",,,ba,add,ba
410339522,409550514,2001:1388:5543:AF1:F82D:AEDF:F527:C0E0,2016-11-22T14:56:07Z,/* wbsetlabel-set:1|en */ official website.    K.a,en,,,update,en
410900740,410340401,Papuass,2016-11-24T14:21:12Z,/* wbsetdescription-add:1|lv */ šī ieraksta tīmekļa vietnes URL,,lv,,add,lv
412869381,411772949,Laura Marianne,2016-12-01T10:17:06Z,/* wbsetaliases-add:1|fi */ kotisivu,,,fi,add,fi
412869426,412869381,Laura Marianne,2016-12-01T10:17:35Z,/* wbsetaliases-add:1|fi */ verkkosivut,,,fi,add,fi
413100212,412869426,FOX8 Television,2016-12-02T09:04:06Z,"/* wbsetlabeldescriptionaliases:3|en */ FOX8 site web officiel, www.fox8tv.cg, www.fox8tv.cg",en,en,en,uptdate,en
414024270,413982451,FOX8,2016-12-05T06:19:05Z,"/* wbsetlabeldescriptionaliases:3|en */ site web officiel, http://www.fox8tv.cg, site web officiel",en,en,en,uptdate,en
414024379,414024270,FOX8,2016-12-05T06:20:05Z,/* wbsetdescription-set:1|en */ site web officiel,,en,,update,en
420547720,414024487,Rodejong,2016-12-25T18:34:40Z,/* wbsetlabel-set:1|da */ officiel hjemmeside,da,,,update,da
420547730,420547720,Rodejong,2016-12-25T18:34:41Z,/* wbsetdescription-set:1|da */ URL'en til emnets hjemmeside,,da,,update,da
427330180,424552327,26 Ramadan,2017-01-12T00:29:53Z,/* wbsetlabel-add:1|ms */ tapak web rasmi,ms,,,add,ms
427330190,427330180,26 Ramadan,2017-01-12T00:29:53Z,/* wbsetdescription-add:1|ms */ URL kepada tapak web bagi item ini,,ms,,add,ms
427330198,427330190,26 Ramadan,2017-01-12T00:29:54Z,"/* wbsetaliases-add:11|ms */ laman rasmi, tapak sesawang rasmi, laman sesawang rasmi, tapak rasmi, laman utama rasmi, tapak web (rasmi), tapak sesawang (rasmi), laman sesawang (rasmi), laman web (rasmi), URL rasmi, URL (rasmi)",,,ms,add,ms
430357605,427330198,186.6.222.118,2017-01-15T19:48:17Z,"/* wbsetlabeldescriptionaliases:3|en */ Snapchat, URL to the website of this item, Zendaya_99 (official)",en,en,en,uptdate,en
435091678,430361646,Cedric31,2017-01-23T10:34:54Z,/* wbsetlabel-set:1|oc */ site oficial,oc,,,update,oc
438880586,435091678,Abián,2017-01-29T20:04:55Z,/* wbsetlabel-add:1|an */ sitio web oficial,an,,,add,an
447724759,438880586,Kayser Ahmad,2017-02-13T13:19:51Z,"/* wbsetaliases-add:2|bn */ অফিসিয়াল ওয়েবসাইট, দাপ্তরিক ওয়েবসাইট",,,bn,add,bn
453525068,447724759,2A03:2880:1110:3FE3:FACE:B00C:0:8000,2017-02-21T05:38:41Z,/* wbsetlabel-set:1|en */ official website(P856).,en,,,update,en
458531396,453526541,180.251.151.166,2017-03-01T04:18:19Z,/* wbsetlabel-set:1|en */ 081355766979,en,,,update,en
464533521,458624107,Fnielsen,2017-03-10T13:53:39Z,/* wbsetaliases-add:1|da */ URL,,,da,add,da
465059747,464533521,Nickispeaki,2017-03-11T19:46:14Z,/* wbsetaliases-add:1|uk */ веб-сайт,,,uk,add,uk
467888688,465059747,2A03:2880:2020:BFED:FACE:B00C:0:8000,2017-03-18T22:00:20Z,"/* wbsetlabeldescriptionaliases:3|en */ official website.adt5463, URL to the website of this item/adt5463, official site, homepage, home page, official page, official web site, official homepage, web address, website (official), web site, website,...",en,en,en,uptdate,en
471570578,467905359,2607:FB90:44AA:79A2:0:10:D407:9601,2017-04-01T06:33:52Z,/* wbsetlabel-set:1|en */ official websitep856,en,,,update,en
471574736,471570578,GerardM,2017-04-01T06:55:42Z,/* wbsetlabel-set:1|en */ official website,en,,,update,en
472040037,471574736,MichaelSchoenitzer,2017-04-02T19:50:53Z,/* wbsetlabel-set:1|de */ offizielle Webseite,de,,,update,de
472815008,472571880,MichaelSchoenitzer,2017-04-07T11:27:07Z,/* wbsetaliases-add:1|de */ offizielle Webseite,,,de,add,de
473252792,473122620,201.244.231.183,2017-04-08T21:15:34Z,/* wbsetdescription-remove:1|en */ URL to the website of this item,,en,,remove,en
473252797,473252792,201.244.231.183,2017-04-08T21:15:35Z,/* wbsetdescription-remove:1|es */ URL al sitio web de este elemento,,es,,remove,es
476386728,473271099,185.99.220.22,2017-04-18T20:04:28Z,"/* wbsetlabeldescriptionaliases:3|en */ https://www.parvez.over-blog.com, http://www.twitter.com/manikganj, official site, homepage, home page, official page, official web site, official homepage, web address, website (official), web site, website...",en,en,en,uptdate,en
477940933,476387238,94.20.65.135,2017-04-24T13:55:54Z,/* wbsetlabel-set:1|az */ rəsmi sayt,az,,,update,az
477940951,477940933,94.20.65.135,2017-04-24T13:55:56Z,/* wbsetdescription-add:1|az */ Bunun veb saytının URL-i,,az,,add,az
477940961,477940951,94.20.65.135,2017-04-24T13:55:58Z,"/* wbsetaliases-add:3|az */ sayt, veb-sayt, Rəsmi saytın URL-i",,,az,add,az
480979958,477940961,Pigsonthewing,2017-05-03T11:51:28Z,"/* wbsetaliases-set:14|en */ official site, homepage, home page, official page, official web site, official homepage, web address, website (official), web site, website, site, official URL, URL (official), www site (official)",,,en,update,en
482589186,481909921,আফতাবুজ্জামান,2017-05-06T15:02:02Z,"/* wbsetaliases-add:2|bn */ ওয়েবসাইট, ওয়েব সাইট",,,bn,add,bn
482589297,482589186,আফতাবুজ্জামান,2017-05-06T15:02:28Z,/* wbsetdescription-add:1|bn */ এই উপাদানের ওয়েবসাইটের ইউআরএল,,bn,,add,bn
482867293,482589297,MaGa,2017-05-07T08:40:09Z,/* wbsetlabel-set:1|hr */ službena mrežna stranica,hr,,,update,hr
482867401,482867293,MaGa,2017-05-07T08:40:38Z,/* wbsetdescription-set:1|hr */ adresa mrežne stranice za ovu stavku,,hr,,update,hr
484794880,482867401,Wallacegromit1,2017-05-12T11:00:47Z,/* wbsetaliases-add:1|en */ url official,,,en,add,en
487036990,484939459,77.27.122.193,2017-05-17T19:47:55Z,/* wbsetdescription-set:1|en */ www.xxnx.com,,en,,update,en
487145288,487038795,Chorobek,2017-05-18T14:59:26Z,/* wbsetlabel-add:1|ky */ ырасмий вебсайты,ky,,,add,ky
487145293,487145288,Chorobek,2017-05-18T14:59:26Z,/* wbsetdescription-add:1|ky */ вебсайттын URL'и,,ky,,add,ky
487145371,487145293,Chorobek,2017-05-18T14:59:56Z,/* wbsetdescription-set:1|ky */ бул элементтин вебсайтынын URL'и,,ky,,update,ky
488103652,487145371,194.82.172.26,2017-05-21T21:37:29Z,"/* wbsetlabeldescriptionaliases:3|en */ User example, https://www.instagram.com/elinstagramdedani21/?hl=es, official site, homepage, home page, official page, official web site, official homepage, web address, website (official), web site, website...",en,en,en,uptdate,en
488137651,488104124,McDutchie,2017-05-22T02:35:58Z,/* wbsetlabel-add:1|ia */ sito web official,ia,,,add,ia
488137653,488137651,McDutchie,2017-05-22T02:35:59Z,/* wbsetaliases-add:1|ia */ sito official,,,ia,add,ia
492163218,488137653,Liridon,2017-05-29T19:51:29Z,/* wbsetlabel-set:1|sq */ webfaqja zyrtare,sq,,,update,sq
492163456,492163218,Liridon,2017-05-29T19:51:50Z,"/* wbsetaliases-set:2|sq */ faqja zyrtare e internetit, adresa zyrtare e internetit",,,sq,update,sq
493895124,492538125,176.132.91.197,2017-06-03T04:22:58Z,"/* wbsetlabeldescriptionaliases:3|en */ official website, http://consistoiredenantes.fr, http://consistoiredenantes.fr",en,en,en,uptdate,en
493896255,493895124,176.132.91.197,2017-06-03T04:27:08Z,/* wbsetaliases-set:1|en */ Synagogue de Nantes,,,en,update,en
493899935,493896255,176.132.91.197,2017-06-03T04:40:06Z,"/* wbsetlabeldescriptionaliases:3|en */ official website, Synagogue de Nantes, www.consistoiredenantes.fr",en,en,en,uptdate,en
498778384,493940281,Obaid Raza,2017-06-10T10:21:58Z,/* wbsetlabel-add:1|ur */ باضابطہ ویب سائٹ,ur,,,add,ur
500891814,498778384,Iwai.masaharu,2017-06-14T19:22:25Z,/* wbsetlabel-set:1|ja */ 公式ウェブサイト,ja,,,update,ja
505198584,500891814,93.169.106.145,2017-06-23T08:41:40Z,"/* wbsetaliases-add:11|ar */ موقع, المواقع الرسمية, الموقع, الصفحة الرسمية, صفحة رسمية, موقع رسمي, URL, موقع الويب, موقع ويب, موقع إلكتروني, الموقع الإلك...",,,ar,add,ar
505198924,505198584,93.169.106.145,2017-06-23T08:42:20Z,"/* wbsetaliases-set:15|en */ official site, homepage, home page, official page, official web site, official homepage, web address, website (official), web site, website, site, official URL, www site (official), url official, URL",,,en,update,en
505199474,505198924,93.169.106.145,2017-06-23T08:43:22Z,"/* wbsetaliases-add:2|ar */ مواقع, المواقع",,,ar,add,ar
505200302,505200052,93.169.106.145,2017-06-23T08:44:52Z,"/* wbsetaliases-set:15|en */ official site, homepage, home page, official page, official web site, official homepage, web address, website (official), web site, website, site, official URL, www site (official), url official, URL (official)",,,en,update,en
506074751,506074464,ديفيد عادل وهبة خليل 2,2017-06-24T15:42:12Z,"/* wbsetaliases-add:4|ar */ موقع ويب, موقع الويب, موقع إلكتروني, الموقع الإلكتروني",,,ar,add,ar
512630141,506485730,ToJack,2017-07-03T14:47:17Z,/* wbsetlabel-add:1|tg-cyrl */ сомонаи расмӣ,tg-cyrl,,,add,tg-cyrl
521766028,518555442,K175,2017-07-16T23:21:19Z,/* wbsetlabel-add:1|af */ amptelike webwerf,af,,,add,af
521766050,521766028,K175,2017-07-16T23:21:20Z,/* wbsetdescription-add:1|af */ URL na die webwerf van hierdie item,,af,,add,af
521766067,521766050,K175,2017-07-16T23:21:21Z,/* wbsetaliases-add:1|af */ amptelike webblad,,,af,add,af
521773084,521766067,K175,2017-07-16T23:26:37Z,/* wbsetaliases-add:1|af */ offisiële webwerf,,,af,add,af
521773308,521773084,K175,2017-07-16T23:26:47Z,/* wbsetaliases-add:1|af */ offisiële webblad,,,af,add,af
525210642,521773308,2A00:23C0:E655:EC01:8DC1:6977:361B:6EB1,2017-07-24T07:05:25Z,"/* wbsetlabeldescriptionaliases:3|en */ Talland Church Website, Church Services, Events, Who's Who, Talland Bellringers, Contact Us, website, homepage, home page, official page, official web site, official homepage, web address, website (official)...",en,en,en,uptdate,en
525210796,525210732,2A00:23C0:E655:EC01:8DC1:6977:361B:6EB1,2017-07-24T07:07:09Z,"/* wbsetlabeldescriptionaliases:3|en */ Talland Church, Church Services, Events, Who's Who, Talland Bellringers, Contact Us, website, homepage, home page, official page, official web site, official homepage, web address, website (official), web si...",en,en,en,uptdate,en
534162092,525211316,Bamyers99,2017-08-08T18:31:38Z,/* wbsetdescription-set:1|en */ URL to the website of this item.,,en,,update,en
536818547,536582728,Th3Snehasish,2017-08-13T06:17:17Z,/* wbsetlabel-set:1|or */ ଆଧିକାରିକ ୱେବସାଇଟ,or,,,update,or
536819156,536818547,Th3Snehasish,2017-08-13T06:18:59Z,/* wbsetdescription-add:1|or */ ଆଧିକାରିକ ୱେବସାଇଟକୁ ଲିଙ୍କ,,or,,add,or
536964646,536819156,Jura1,2017-08-13T12:35:35Z,/* wbsetdescription-set:1|en */ URL to the website of this item (current or former),,en,,update,en
536993063,536988652,Jura1,2017-08-13T13:22:30Z,"/* wbsetdescription-set:1|en */ URL to the website of this item (current or former). If the website changes, add an additional statement with preferred rank. Do not remove the former URL.",,en,,update,en
547995631,536993063,Zxteloiv,2017-08-28T12:29:56Z,/* wbsetdescription-set:1|zh */ 一条项目对应的官方网站,,zh,,update,zh
547995645,547995631,Zxteloiv,2017-08-28T12:29:57Z,/* wbsetdescription-set:1|zh-cn */ 一条项目对应的官方网站,,zh-cn,,update,zh-cn
547995657,547995645,Zxteloiv,2017-08-28T12:29:58Z,"/* wbsetaliases-add:3|zh-cn */ 官网, 官网地址, 网址",,,zh-cn,add,zh-cn
558970653,548531777,Janezdrilc,2017-09-14T21:03:59Z,"/* wbsetaliases-add:2|sl */ URL, web page",,,sl,add,sl
559087733,558970653,XXN,2017-09-15T00:28:44Z,/* wbsetdescription-set:1|ro */ adresa URL site-ul web oficial al subiectului elementului curent,,ro,,update,ro
559087832,559087733,XXN,2017-09-15T00:28:54Z,/* wbsetdescription-set:1|ro */ adresa URL către site-ul web oficial al subiectului elementului curent,,ro,,update,ro
559264185,559087832,Jagmit Singh Brar,2017-09-15T07:02:59Z,/* wbsetlabel-add:1|pa */ ਅਧਿਕਾਰਿਤ ਵੈਬਸਾਈਟ,pa,,,add,pa
559264199,559264185,Jagmit Singh Brar,2017-09-15T07:03:00Z,/* wbsetaliases-add:1|pa */ ਵੈਬ ਪਤਾ,,,pa,add,pa
562268421,559264199,Autom,2017-09-19T21:33:32Z,/* wbsetlabel-set:1|sv */ officiell webbplats,sv,,,update,sv
562268424,562268421,Autom,2017-09-19T21:33:32Z,/* wbsetdescription-set:1|sv */ URL till objektets officiella webbplats,,sv,,update,sv
562268438,562268424,Autom,2017-09-19T21:33:34Z,"/* wbsetaliases-set:7|sv */ webbplats, hemsida, webbsida, officiell hemsida, blogg, url, officiell webbsida",,,sv,update,sv
566030750,565586819,Furawi,2017-09-25T20:02:52Z,/* wbsetlabel-set:1|en */ Official Site,en,,,update,en
566030762,566030750,Furawi,2017-09-25T20:02:53Z,/* wbsetlabel-set:1|es */ Sitio oficial,es,,,update,es
572152552,566078137,Biplab Anand,2017-10-04T12:01:20Z,/* wbsetlabel-add:1|mai */ आधिकारिक वेबसाइट,mai,,,add,mai
579874839,572152552,95.22.163.213,2017-10-17T20:56:53Z,/* wbsetaliases-set:1|en */ http://pagina.jccm.es/tribaldos/l,,,en,update,en
587534567,583451633,Gikü,2017-11-01T19:18:17Z,/* wbsetlabel-set:1|ro */ site oficial,ro,,,update,ro
587534571,587534567,Gikü,2017-11-01T19:18:18Z,"/* wbsetaliases-add:11|ro */ sit oficial, website, website oficial, web site, web site oficial, site, site web, site web oficial, URL oficial, pagină web, pagină web oficială",,,ro,add,ro
589658545,587538594,Soued031,2017-11-06T10:48:34Z,/* wbsetlabel-set:1|lb */ offiziell Websäit,lb,,,update,lb
591702745,590362222,İncelemeelemani,2017-11-10T15:55:38Z,/* wbsetlabel-set:1|tr */ resmî sitesi,tr,,,update,tr
597544479,591702745,Meno25,2017-11-23T12:39:03Z,/* wbsetlabel-add:1|arz */ الويبسايت الرسمى,arz,,,add,arz
597957383,597544479,Obaid Raza,2017-11-24T12:15:35Z,/* wbsetdescription-add:1|ur */ اس ایٹم کا یو آر ایل جو باضابطہ ہو، وہ یو آر ایل جو شخصیت، ادارے یا حکومت کی طرف سے جاری کردہ ہو,,ur,,add,ur
597957394,597957383,Obaid Raza,2017-11-24T12:15:36Z,"/* wbsetaliases-add:6|ur */ سرکاری ویب سائٹ, ویب سائٹ, حکومتی ویب سائٹ, ادارے کی ویب سائٹ, سائٹ, سرکاری یو آر ایل",,,ur,add,ur
604442097,602901483,JMagalhães,2017-12-05T22:21:06Z,/* wbsetlabel-set:1|pt */ sítio oficial,pt,,,update,pt
608223625,604442097,SunnyMagnus,2017-12-14T01:44:46Z,/* wbsetlabel-set:1|ka */ ოფიციალური ვებგვერდი,ka,,,update,ka
608223630,608223625,SunnyMagnus,2017-12-14T01:44:47Z,"/* wbsetaliases-add:3|ka */ საიტი, ოფიციალური საიტი, ვებსაიტი",,,ka,add,ka
610128941,608223630,Trivialist,2017-12-17T04:19:06Z,/* wbsetaliases-remove:1|sl */ blog,,,sl,remove,sl
613803930,612339598,Hannolans,2017-12-25T21:47:14Z,/* wbsetaliases-add:1|nl */ website van entiteit,,,nl,add,nl
614011858,613803930,Yasasuru,2017-12-26T09:56:50Z,/* wbsetlabel-add:1|si */ නිල වෙබ්අඩවිය,si,,,add,si
614011863,614011858,Yasasuru,2017-12-26T09:56:51Z,"/* wbsetaliases-add:5|si */ official website, නිල අඩවිය, වෙබ් ලිපිනය, වෙබ්අඩවිය, වෙබ්අඩවිය (නිල)",,,si,add,si
625535933,622006503,Srdjan m,2018-02-01T15:57:08Z,/* wbsetlabel-set:1|bs */ službeni veb-sajt,bs,,,update,bs
637814791,637362972,David1010,2018-02-24T10:56:01Z,/* wbsetlabel-set:1|ka */ ოფიციალური საიტი,ka,,,update,ka
637814794,637814791,David1010,2018-02-24T10:56:02Z,/* wbsetdescription-add:1|ka */ ამ ელემენტის საიტის მისამართი,,ka,,add,ka
637814798,637814794,David1010,2018-02-24T10:56:02Z,/* wbsetaliases-add:1|ka */ ვებგვერდი,,,ka,add,ka
638844581,637814798,Абдырашит Сатылганов,2018-02-26T01:07:00Z,/* wbsetlabel-set:1|ky */ Расмий вебсайты,ky,,,update,ky
641002765,638844581,Renamerr,2018-02-28T20:33:47Z,/* wbsetdescription-set:1|uk */ посилання на інтернет сторінку цього елемента,,uk,,update,uk
650790070,641002765,Meisam,2018-03-16T22:46:59Z,/* wbsetaliases-add:1|fa */ سایت رسمی,,,fa,add,fa
651160490,650790070,74.105.120.217,2018-03-17T10:38:24Z,/* wbsetdescription-set:1|en */ Pattymullen.net,,en,,update,en
651162019,651161012,74.105.120.217,2018-03-17T10:40:43Z,/* wbsetdescription-set:1|en */ www.pattymullen.net,,en,,update,en
654939453,651168827,Visite fortuitement prolongée,2018-03-22T21:08:16Z,/* wbsetdescription-set:1|fr */ URL du site web officiel de l'élément,,fr,,update,fr
656796400,654939453,Praveenp,2018-03-26T03:13:21Z,/* wbsetlabel-set:1|ml */ ഔദ്യോഗിക വെബ്‌സൈറ്റ്,ml,,,update,ml
656796401,656796400,Praveenp,2018-03-26T03:13:22Z,/* wbsetdescription-add:1|ml */ വെബ്‌സൈറ്റിലോട്ടുള്ള യു.ആർ.എൽ.,,ml,,add,ml
660252556,659953919,5.40.128.25,2018-04-02T23:52:25Z,/* wbsetdescription-set:1|en */ www.hombres-g.com,,en,,update,en
662095211,660260508,186.143.137.123,2018-04-06T18:54:37Z,/* wbsetaliases-set:1|en */ @_ludmi.7 instagram,,,en,update,en
662095727,662095211,186.143.137.123,2018-04-06T18:55:55Z,/* wbsetaliases-set:1|en */ @_ludmi.7 instagram. AGUANTE EL EGGØSQUAD @finn_potter7 twitter,,,en,update,en
662096742,662095727,186.143.137.123,2018-04-06T18:58:39Z,/* wbsetaliases-set:1|en */ @_ludmi.7 instagram.@finn_potter7 twitter,,,en,update,en
665302713,662932333,213.233.132.175,2018-04-14T09:23:26Z,"/* wbsetdescription-set:1|en */ URL of the official website of an item (current or former) [if the website changes, add an additional statement with preferred rank. Do not remove the former URL]",,en,,update,en
666276631,665302713,Arnaugir,2018-04-17T09:43:38Z,"/* wbsetaliases-add:8|ca */ web oficial, web, URL, URL oficial, pàgina web, pàgina web oficial, lloc Internet, lloc d'Internet",,,ca,add,ca
667770501,667680818,Ильвир,2018-04-21T17:44:20Z,/* wbsetlabel-set:1|tt */ рәсми веб-сайт,tt,,,update,tt
667770504,667770501,Ильвир,2018-04-21T17:44:21Z,/* wbsetlabel-add:1|tt-cyrl */ рәсми веб-сайт,tt-cyrl,,,add,tt-cyrl
667770506,667770504,Ильвир,2018-04-21T17:44:22Z,"/* wbsetaliases-add:2|tt */ рәсми веб-сәхифә, рәсми веб-бит",,,tt,add,tt
667770510,667770506,Ильвир,2018-04-21T17:44:22Z,"/* wbsetaliases-add:4|tt-cyrl */ сайт, рәсми сайт, рәсми веб-сәхифә, рәсми веб-бит",,,tt-cyrl,add,tt-cyrl
667770551,667770510,Ильвир,2018-04-21T17:44:37Z,/* wbsetdescription-set:1|tt */ Бу элементның рәсми веб-сайты,,tt,,update,tt
667770554,667770551,Ильвир,2018-04-21T17:44:38Z,/* wbsetdescription-add:1|tt-cyrl */ Бу элементның рәсми веб-сайты,,tt-cyrl,,add,tt-cyrl
692938393,691897954,Acamicamacaraca,2018-06-09T16:11:06Z,/* wbsetlabel-set:1|sr */ званични веб-сајт,sr,,,update,sr
692938404,692938393,Acamicamacaraca,2018-06-09T16:11:07Z,"/* wbsetaliases-add:16|sr */ званични сајт, почетна страница, званична страница, званични веб сајт, званична почетна страница, веб адреса, веб-сајт (...",,,sr,add,sr
692939437,692938404,Acamicamacaraca,2018-06-09T16:12:44Z,"/* wbsetaliases-update:19|sr */ званични сајт, почетна страница, званична страница, званични веб сајт, званична почетна страница, веб адреса, веб-сајт...",,,sr,update,sr
694795446,692939437,213.233.108.232,2018-06-13T05:34:33Z,/* wbsetlabel-set:1|ro */ Sit oficial,ro,,,update,ro
694795451,694795446,213.233.108.232,2018-06-13T05:34:33Z,/* wbsetdescription-set:1|ro */ adresa URL către situl web oficial al subiectului elementului curent,,ro,,update,ro
694795453,694795451,213.233.108.232,2018-06-13T05:34:34Z,"/* wbsetaliases-update:11|ro */ sit oficial, website, website oficial, web site, web site oficial, site, site web, URL oficial, pagină web, pagină web oficială, Sit web oficial",,,ro,update,ro
704360744,704288417,Nvrandow,2018-06-30T00:40:01Z,/* wbsetaliases-remove:1|sv */ blogg,,,sv,remove,sv
714164458,708960176,2A01:C50E:21C1:8D00:8457:A585:9B8A:957A,2018-07-22T12:35:37Z,/* wbsetdescription-set:1|en */ Blog de Nuria Roca,,en,,update,en
722599130,721001513,PierreEustacheC,2018-08-07T20:54:55Z,/* wbsetlabel-add:1|ht */ sit ofisyèl,ht,,,add,ht
722599137,722599130,PierreEustacheC,2018-08-07T20:54:56Z,/* wbsetdescription-add:1|ht */ URL sit ofisyèl bagay la,,ht,,add,ht
728073383,722599137,Rana24news,2018-08-17T20:14:44Z,"/* wbsetlabeldescriptionaliases:3|en */ http://www.rana24news.com, https://rana24news.com, rana24news",en,en,en,uptdate,en
